-- phpMyAdmin SQL Dump
-- version 4.2.11
-- http://www.phpmyadmin.net
--
-- Host: 127.0.0.1
-- Generation Time: Mar 17, 2016 at 09:27 AM
-- Server version: 5.6.21
-- PHP Version: 5.5.19

SET SQL_MODE = "NO_AUTO_VALUE_ON_ZERO";
SET time_zone = "+00:00";


/*!40101 SET @OLD_CHARACTER_SET_CLIENT=@@CHARACTER_SET_CLIENT */;
/*!40101 SET @OLD_CHARACTER_SET_RESULTS=@@CHARACTER_SET_RESULTS */;
/*!40101 SET @OLD_COLLATION_CONNECTION=@@COLLATION_CONNECTION */;
/*!40101 SET NAMES utf8 */;

--
-- Database: `shopingsite`
--

-- --------------------------------------------------------

--
-- Table structure for table `category`
--

CREATE TABLE IF NOT EXISTS `category` (
  `catid` varchar(100) NOT NULL,
  `name` varchar(200) NOT NULL,
  `dis` varchar(500) NOT NULL
) ENGINE=InnoDB DEFAULT CHARSET=latin1;

--
-- Dumping data for table `category`
--

INSERT INTO `category` (`catid`, `name`, `dis`) VALUES
('Bag', 'Bag', 'Laptop Bag'),
('Cap', 'Cap', 'all types of cap'),
('kurti', 'Kurti', 'all kurti'),
('Shirt', 'Shirt', 'man shirt'),
('shoes', 'shoes', 'all types of shoes avalable');

-- --------------------------------------------------------

--
-- Table structure for table `product`
--

CREATE TABLE IF NOT EXISTS `product` (
  `catid` varchar(100) DEFAULT NULL,
  `pid` varchar(100) NOT NULL,
  `name` varchar(200) DEFAULT NULL,
  `rate` int(11) DEFAULT NULL,
  `disrate` int(11) NOT NULL,
  `unit` varchar(200) DEFAULT NULL,
  `size` varchar(200) DEFAULT NULL,
  `weight` varchar(200) DEFAULT NULL,
  `color` varchar(200) DEFAULT NULL,
  `photo` blob,
  `dis` varchar(500) DEFAULT NULL
) ENGINE=InnoDB DEFAULT CHARSET=latin1;

--
-- Dumping data for table `product`
--

INSERT INTO `product` (`catid`, `pid`, `name`, `rate`, `disrate`, `unit`, `size`, `weight`, `color`, `photo`, `dis`) VALUES
('Bag', 'bagb', 'bag01', 900, 700, '20', '100', '500gram', 'black', 0xffd8ffe000104a46494600010101004800480000ffdb00430006040506050406060506070706080a100a0a09090a140e0f0c1017141818171416161a1d251f1a1b231c1616202c20232627292a29191f2d302d283025282928ffdb0043010707070a080a130a0a13281a161a2828282828282828282828282828282828282828282828282828282828282828282828282828282828282828282828282828ffc0001108019a012c03011100021101031101ffc4001d000100010501010100000000000000000000030102040507080609ffc4004f10000103020304060409070a060203000001000203041105213106124151071322617191083281a11416425253b1b2c1f01523436272a2d1172425333536638292e12654647374c234f14484d2ffc4001b01010101010003010000000000000000000001020603050704ffc4003911010001020304080503030403010000000001021103040521316171061233415181b1c1222324323413627214d1f0258291a115354243ffda000c03010002110311003f00f4fa02020202020202020202020202020202020202020202020202020202020202020202020202020202020202020202020202020202020202020202020202020202020202020202020202020202020202020202020202020202020202020202020202020202020202020202020202020202020202020202020202020202020202020202020202020202020202020202020202020202020202020202020202020202020202020202020202020202020202020202020202020202020202020202020202020202020202020202020202020d2ed26d5605b3308971fc5692803bd56cafedbbc1a333e4a4d510b1132f8397a7cd82654f542beb5e2e0091b46fdd37f1cfdcb3d6e0bd5e2fbdd96da6c1b6ab0e35db3f88435d4c1db8e319b163b939a7307c56a2a89498986e5541010101010101010101010101010101010101010101010101010101010101010473cd1d3c324d3c8c8a18da5ef7bdc1ad6b46a493a041e67e957d202a259a5c37615dd440dbb5f893d9db7ffda07d51fac45cf0b2c5e65ad90f3d6238854d75549535b51354543cddd2caf2f73bc49cd221266ed7cb2123239f0551d17a0adbc3b0fb6d054d5caf184568f83d6b4681a4f664b7369cfc0b949d9b5a8f07baa39192c6d9227b5f1b80735cd370e07420f10b6cae40404040404040404040404040404040404040404040404040404040404041a7da9da5c2365b0b76218f5745474c2e1bbe7b523be6b1bab8f705266cb117791fa5de97714db6925a1a32fa0c001ecd334f6a6b68e948d7f64643bf559dfbcbdb7393bc9e1aaa8c690e601b02785f55778b0b0b6dbdd9b8b8be571dcacc4c6f1731bb84646ca0f44fa3a74c2cc29b0ecaed5d4eed09219415921ca027f44f3c197d0f0d0e56b67ede4d7ddcdea95b644040404040404040404040404040404040404040404040404040404041cc3a60e9730bd80a5752c1d5d7e3f236f1d2077662e4e948d0726ea7b866b333e0b6ef979559f1cba51da0a9ad31576355cc02e236f6206b89b003d563723e5c558a6e9353ef367fd1e36bb11746ec524a0c2a1758bbad97ad9003faaccae396f05aeac77ca5e7ba1d43663d1d365b0e2c931ba9acc62616258e3d4c571a8dd6e641ef3c13646e82d2e9b816c5ecd602c6b708c070da52db76994ed2fcb4bb8dc9f357ad27561b3aec270eaf80c15d87d1d4c2458c7340c7b6dcac429154c7796873dda1e82f60f1963b7309761b31fd2504a63b7f94dda7c95eb5f7c16f07977a69e8e65e8e76869e9995125661d57175b4f50f6069241b398e032b8cbc410b35446f8238ba2f40bd379c2fa8d9ddb3aa73b0fb08e92be43734fc03243c59c9df278e5a63ed6feee6f50bf11a18e90553eb695b4c46f094ccd0c239ef5ecb5784b4a3c3319c2f152e185e25455a5a379c29e7649617b5cd89cae97892d2cf550404040404040404040404040404040404040404040404041f3bb77b5d866c5e012e298bc877476228596df99f6c9adfbce8066a4cac43c9bd21f4d9b59b512c90e1b54705c308b0a7a47da470fd793227d960a5a67797b6e72497af92573e42e7bdc779ce71b971e64f14b25eef647a2c6cb3f04e8f5d8a54c65b518c4a276dc7e85a3759e7da77b42d40ecf620686de0830ea714c3e96ff09afa386daf593b1bf5952f0b6960bf6af6763367e3f8434f235b1fff00d25e0b4ac3b5fb3435da1c1c7ffbb1ff0014b96964c1b4382d438369f18c36571d032ae324f914bc169730f489a8d8dc5b632a30ec6f19a387158419e84467ad95b281a6eb6e435c3b26f6d6fc158aa3724c4bc730d20bf6b789e412c97653230d686860b0d03b3b27560eb4b75b2bb4389ecb637062d834e61ab84f2bb646f16387169e5f7a4d37226cf6b7467b77876de600daea1fcd55c566d5d238ddd03fef69e07ef5227ba5ae30faf55040404040404040404040404040404040404040404041818e62d45816115589e293b60a2a66192491dc072038927203892a4cd88daf0f74b1d2056edf6d13aae7de86821bc7494a0ff54cbf1e6e39127d9a0488f1265f137fd55514b91dc836983ed163582c81f8462b5f42eb5af4f50e665e00d94eac2de54c4b69319c489388e3188d55f5ebaaa478f226ca5a17ad2d59224373da27baeaa5c0c16f53f755453747cc03d88160330c67922ab739e9ec445448e1a38a075cf1f2aea8bd951f38792259f4fb05b635db1db45062f85483799d99a171b3678ceac778f3e06c5498bac4d9ee5d93da1a0da9c029317c265dfa6a86dec7d66387acc70e041c9489bacb70a82020202020202020202020202020202020202020c5c4b10a4c2e866acc46a61a5a4886f4934cf0d6b47792a4cd888bbc83d3d749c76d3141876132bc6cfd23ef181769a97fd23872e0d1c35d4e5236ed59d9b1c92c02d32b1cf6b7529718e6a379fbb10df7721fc54db2a9d91e5791dbcee43456c975c18dbe4d1e4aa2e6871e685d50d72b62ea1b8c902c6dda008ef411ba12e3f9a2e63bcc2962ec6799a3feb62bb7e7314dabb1464f1bb475bb8a5cb2660de17417816547d6ec2edfed0ec554ba4c0abdd1c2f7074b4d20df865f169e3de2c7bd49a7bd625eb2e8a7a59c236f226d2b836831c6b6efa37bae24b6ae88fca1dda8f7a97ee95b77c3a4aa8202020202020202020202020202020202020d16d9ed461db21804f8b62f26ec31f6591b7d795e74634733eed4a9336588bbc61d23edf635b738899b14a8eaa898e269e8e327ab88787ca77371cfc345223be499ee87c4bde0765a092adfc1940f6cce196eb473714b175829af9cb2170e5a056d105d3811c6cb35a4f70c82b72ca895c3d56300ef52e59719a5e0631ec4b960544c34733fd29792d0afc227f9ccf24bc96853af9bfc3ff4a5e4b428e96571cdb19f6275a4b41d74a05ad1809d692ca0924f98cf614eb496452c2c93d784ef7369b14b96638a40d376c9237fcaa6c36a78db203632b1e3bc169546418ddbb702e072cecb48928aae5a5a88a6a69648a78dc1ec918e2d735c34208d0a9317589987abfa12e9919b4661c0f6a658e2c6726d3d4faacabfd53c049ee778e4b3bb7b5bddbd541010101010101010101010101010101047513c54d4f2cf512362862697bdee360d681724f70083c53d32f4853edb6d1b9f139cdc2a95ce651c3fabc5e7f59d6f60b05988ef9599ee73991c6fbb7edf13f355decee582ccc86bc495a446e7927b2378f3b297f0555b14b2682de29d52ec98e8ee3b6f3ec56d09794828e203b4d27daada12f23e0823664c6dfbd063985aed000a2a9f07274bdbc52c5d2328a475c3039c40bd9a2ea5534d3f74d9e5c2c2c4c5998c3a666de1084c6ebe4af55e3ba8e6b80f93ed0a754bad8d933dd935bba9d52e95d1cac02f1deff34abd53ad08dd296facd737d8a5a4bac33b49d415152b1cd39b723dc501f626e7d6e6add2c9e094b4821c4386608363756f736bd63d0274aff19628f67f68a61f96a36da9e7765f0b681a1ff100ff0050cf5056776c6b7ed76c550404040404040404040404040404041c17d2876ddd8761906cbe1f281515acebab0b4e6d841ecb3fcc4127b9bdeb33b66cbba1e597c85837b57b8d980fbcab3e088ae236e7af3e65541b1990f6ae0724b17b32e185a3805a665936b0bd95437ac1044e7db339f7a2a091c5c72d14549134920017274c92f6db2444d5368ef6ea9f01ad7c2f91cc11d8121af3da7775bf8afc55e7f0a9aa298dae8b03a319ec4c39c4aa229b46c89df3c2d1bbcdf4984cb04b87c4fa78991b5c3b4c68b58f1057a8cc535538934d737775a4e2e0e36528c4c0a629898db111dfdf0f8fc668fe055ef8c0fcdbbb6cf03f8b2f7795c6fd5c3899dfdef9ceb790fe87355511f6ced8e53fdb735e1a1e730bf4bd432e36358ccb8aa8b1ef71c9bc5057ab1b972013cd06355d3b5cede0c198e4844b13e0f1b8764b987b8acda1abae6c0e19365d3e704ea9750b246df7e326dc599a9d595bc3230daf968ab21a8a59dd14f13c3e39186ce6381b823bc15384af187b93a20db88f6eb64a3ad90b1b8953910d6c6dc807db2781f35c331ed1c12165f72aa0808080808080808080808080830f18c469b08c2ab311af9047494913a695dc9ad173ed499b111778176bf682ab6ab69711c671075a6ab94bc8e11b0641a3b8000291b209daf9e6b8cf2196d66faac1dcac422f82373dd770cd58849674710f6ad2260d03bbbd1163df64540f93f1750425c5c6c8ac8a684be56b378377881bcec80bf359aa7ab132f260e1fead74d17b5e6d79dd0fad66ce53b28e402a3ada92decb9ae01a0f0b05ea673f8935c4dad4bb8a3a3196a702a88afad896d937b444f2feeda611526b682391d94a3b320e4e0bf1e630ff004f126237773a0d2b3939bcb5389545aa8d931c637ffcef6140c387e3525391686aff00391f73c6a3f1dcbcd5fcec18afbe9d93cbb9f832f1ff008fd46acbeea317e2a7f977c799b49871a8a032b5a7ac87b43bc711f7a6471bf4f12d3ba4e9269f39bca4e2531f151b63977c7bf93e35b9139e4bdfbe629edd9d5114000209f341738d81cee3bd045bc1c082831a58ece25a8ab5b91d5413c640bbad90cd51750c4deadf34ad6974af0dcc5f25215d1ba17daf1b07b7517c3642dc1b106882a1c746026ed79fd976bdc4ac55169bc354cdf63d9cd7073439a416917041b82151540404040404040404040404041c43d2b3690e1bb1b478242fb4d8acdbd258fe863b13e6e2c1ec2a4ef5ee79324ced1df5ed3fc3804decca5a78b75801b65aad2270dbb5aeb6b9792a4a66580b90ab2b6592c2f7cd06239e49b5d4550465d9f1413362dd39f8a0fa4a6a082296829dd44fa9f84b1af7cfbce01b7e56cb2e375eb2bc6aea8aeb8afab6ee76597d3f2f85560605581fa9fa9113355e765fc2db3677dca8a1a1a4922bd2cb2fc25ee0c11bc80c6876e80399e39a518d8b8913f1447563fe533191c965aba6f8535fea5536b4cc45317b5a3c67bf6b655f4a6a1d2c7d6c91c4d97b459a96c6c1a77dcafcb8589d4b4daf36ff00b997bacf657fa9eb5135cd34c55b6dbed4531bb8dd8b414f156e1d28a174ec7be56303a676f6e5b32e691dcbcd8b555858b138969b44eef77e0c960e0e7b27546526aa7ad5445ea9bdadb66627978228a38a7a5aa929311ae0e86cd265759a778d81f05baa6aa2ba63128a76f8707e7c2a70b1f0712bcae6712268b47c53b36cda27930b17c21b87c65c249490e0cedc7ba1fded22e085e7cb66e71aab4c47fcfabd66ada25190c2ebd354ccc4db6c5a278d3317ff00b6b9ae161969c17ee73a89efddbe77411f5ae73b2413305c0b7141148436e820de1c1454adb3d96d071419d4ccbd33196b8eb0926da5958259988c2266085a01781761e5cfcd262fb0dcf48fa346de1c6f037ece62735f10c3580d3979ed4b4fa5bbcb0e5e04725e28d9b1e4df1776e5a4101010101010101010101051078cfd24f1dfcb3d28d65387de970a89b48db1cae06f3fdbbceb7b14e24f8395c40b9d777aef372ac433bd9b6b46ebf10b4246b77a9df6d58eb8bf0411ba40c6779ef5518fdb94df30a09591f0412816d15446e7676cca8acda7c46b69e1eae0aa9638c1b80d765e4bc55e5f0ab9bd54c4cbf7606a79bcbd118785893111dd75d4d8b5752b1ec86a1ed6b8ef1045f33c73192cd795c2ae6f552f2e5f58cee5e99a70f1262266fe3b7cd77e57ae32c7219cefb1ce9010d03376be3e0a7f4b85698b6ff66a75ace4d74e275f6d3333ba37cefbf8c25931cad708fb71b3ab7f58ddc8c36c74fbd669c96145fbefb37bcd89d20ced7d5db11d59bc5a2236ae931f95d0ba38e9a963de7b5eedc8edbc41be63437598c9511379aa65e5afa458d55134538745379899b46f989bedf1bf7a1acc51f514aea78e08e089cfeb1c1a49cfbae721dc16f0b2b187575e66f3b9e0ceeb35e670672f4d114d33379b4ccedf3dd1c2180df35fa9e9563e2b9bdf5d500334ba0bf78b5b600a085d670b64823dc68198cd45491873c80ccb2cbbd15b40dea218d8e3db6e6ebf15512e184cb33a570f677212caa5c4eb366768e871ac2e4eaaa60903da78123507b88c8859ae3bd6997b7763f682936a766e8718a023a9a98c38b2f731bc64e61ef06e16626ed4b72a82020202020202020202086aea63a3a49eaa7706c3046e95e4f06b4127dc107e766335f2e2b89d656ce6f2d6cefa890fed38b8fd6a441328e99a5f25fd8b6cb2e7b6e767c020c8a4178a4d4075edf5224b0e3635cc6bc8ed5bde82ecbc1054386415451eeb372f30a0b1b9f1cbc5152585f74b9545a6c3536bf0514398d5055ad17e678a0bf75bc35e4aa1cf8a0a0b0d744170b3903225057aa078a0b3e0e6c6d6418d330dda1c0805dbb9fe3928b0da61d0b3ad2e362d199c9581662521b000825de68433f0a8c470b6f717e3cac892bf138ccd48e68001398e5756768eabe8b5b6628b179b66eb24b53e207aca7de3936768cdbfe668f368e6bc3b9e5def51ad20808080808080808080839e74fd8bfe47e8a31d7b5dbb2d546da38fc647007f777949587876f993c340ac332d8d3b0321040ed117b8e0b48acee05a077d820cca7bb69da40cc5cdc20c09729a401c43778e87f1cd1166e939091c7d88018ebe6e779a20f69f9ceb7b11616b1997acff00341f75b1db334388e14daaac88c8e323c5f788c85b2cbdaba2d3323838b81d7c4a6f379733ab6a38f818ff00a78555a2d0c4dbbc2a8f0d7d036862ea8ca1ee759c4dc022da9f15f9f57c0c2c09a230a9b5eefd5a2e671b3115ce2d57b595d9fc0e8eaf0a64d52c7be4739d9ef9190365c766f3389462cd34cec7d6b41d1f2999c9538b8f45ea999dbb7c583b4d8753d04b4cda5df6758d7175ddbdc4597e8c8e3578b1575e6f67a9e9369f96c8d7874e5e9b5e26fb667c1bfe8fb64a8f68e92ba4ad9aa18617b5ac31168d4126f71e0bf2ea99fc4ca574c61c46d8ef7e2d2f21859aa2aab12fb27b97ede6c4d26cee151d652d64d2ba49845b92b1b600826f716e4a69ba96266f1268ae22365f62ea5a6616570a2ba2677f7be04071361bbef5eede8d7398f68f93ec2885a46b6e6c7dbfec8260f79682d65c77104a088cae6dee1f7b72416bf766aa664eb32e48b71d14586e699bb94e6c45dc7741f7ad235551f9daacc1034c9456e632194f96a72b38aa249f3863bdac4f1288d5d2c9361b8c473d23cc7346f6cf0bc65baf69b8f785898dad44f7bdd7b15b4306d56cb61d8cd35836aa20e7b01bf5720c9edf63815986e5bc550404040404040404041e7cf4bdc50c782ecf614d70fcfd44952f6f1b31a1a3def3e4a779dcf2e462ef6333372b50ccb6c7b21add0019f8aa31def1d606588b65ec41b2a63bd038585da4d8240c09c812baf6373c0a22217b8b209c0caf7cd5442f75f8a8a345caa3afec1c36d97a2e3bfbef22dcde7f82ebf4b8b6569f3f570dabd57ce57c2de8f9be948df16a065c59b4e4ebcde7f82f55add57c4a6387bbdd747e9f955cf1f665ecc36d81d2db8871d3f58ae133937c7a9f74e8f53d5d3b0bcfd65a7db6ff00e652837ca33f697eed363e0ab9b9be984fcfc28fdb3eafbce865a06035efe2eaa03c983f8af4faf4fcea6387bbc3a147c9aa78fb1d343bfe1fa01adeabff00472ba0f6d572f735dec69e7ece3f1820ff00b2ea9c9af36b0bdfc0a22c76608cc045460b99ea936ee4170a8701da17f0417d276a695eecacd1627da8b0d84afb533788b11965a9fc79aa30206ef3c9d40e1c941b371c80e0d1a80a89a5beeb01d743c7da111afc5410e826cee1d627982a55e2b0efbe8adb407adc6367a693b05a2ba9d8781f564b7ee1f3589d92dc6d87a1d01010101010101010107903d2ab13f867496ca40ebb2828a28edc9cfbbcfda6a84b9150c7bd293c005b659af21c2f7cbc38a8229e30c7836edf137e0a8caa3cf7c58921d7b240c098da77df838f9222f60e2828fded1059ba4ea104ac6f6bef5525dab63a2116cc6182e0de00ef324fdebb2c8c5b2d4470705a955d6cd624f17c27496e2eda56824d9b4ecb7b4b97a2d666f8f11c21d26814db2d33e333ecdd6cf337704a2ffb60fbcae1f3537c6ab9beeda253d5c860c7ed87cf6db7f69400d8da11f68af65a6c7cb9e6e3fa5f37cdd11fb7de5d0fa1d65b662a1da6f55bbdcd6af47ae6dccc4708f76b43d9969e72c5e9a3fb3b0a6f39de7c9a3f8af2e811f32b9e11eaf0ebd57cba238fb3933b4000c9750e5a51b9c01e682d73c93aebdc816395afe7a20b8b46edfdd7412d1c6e95dd5b46f12413e48ac8ac70df02d6034bfb924856166e91702e33cf44192d6f680d48cc8e05544f27f56cb5fbbc5062624c0ea292cdb11a5cdc8b24c6c237b7bd16e3e3677a40c0f1273f769fae11cd9fe8e4ecbafe77f62f1d5baedd3becf70a2880808080808080816be5cf241e07e96b1218bf495b4b581dbcc7d7c91b0dfe4b0ee0f7314825f3f4360ded684eb65b6524ae314999b5f5ee502623ab6e63b275e6832289a46f3b200dc0b7354961cc2f3bc817ed9d4dd1140feeb20937c7b4a20d20e4115713ae82c154774d9e675781e1ed00d9b4d1fb3b2176d96888c1a23843e7d9b9be3e24f19f5733e90de5fb573b491d88a26eb7f937fbd739abcdf333ca1d5e8916ca44f197d3610dddc2e89ba5a16fd4b86c7db8b54f197de74ca7ab93c28fdb1e8f94db13fd3007289bafb57b7d3a3e579b84e95cdf3d6f0a63ddd47a226eeec8036b6f54ca7ec8fb973dad4df353ca1fa3468b65a39cb4dd3748194f83b5d620ba63ee62fd9a046dae797bbf26bd3f0d11cdc8e492e6c325d239b500bf7e488b834016e2105ef76e807884118eb1f73a0b20cec306ec323c8d4903f1e0121563407cd95f9d8a0cd8d83cf50aa2423b4d2e3eb1d4a092424b41232d48d1058eb988b46b6b7646a834d1dc42cbe4584b4f72cc782cef7b73a20da53b53b058756caebd542df83545f8bd800bfb46e9f6ac46cd8f24f8bed15410101010101010435b50da4a3a8a97e4d8637487c1a09fb9247e714f33aa2a5d3bf3748e74a6fcdc6ff7a9032e369f83b4b75007bd6995f524494e1e2f7191f141142f2e8332779ba0419f486d191702c753c1518d3106575b2cd111b980677d5053441569d2f7417deed7770283bfe1f188b0fa66347ab0b06679342ee70beca63843e758b37c4aa78cfab926dddced5e2273b82d197ec3572da9cdf355797a3b3d222d93a3cfd65f6787b3f99538b69137ea0b88c4db5cf37de7291d5cbe1c7ed8f47c66d7380c7256f16b18df75d7bbc845b063cdf39e93d5d6d42ae111e8eadd193c45b1343c4bdd23b2fdb3fc172fabd5f575f97a3db69187f4b479fabe37a6a91f2d7e14c3a086436ff30fe0bd9f47f6d1893c61eb3a4368aa8a79b9bb5b61a2e89cdaf02e0222e690020b374bdc6f7b72413065986c381b04448e2194b1b38bee7d97469914d1ee81bff2b3b9e4832e305e45f22ed3864aa2afbef5d83536b5b820965b16b73006a09fa9063b89ddb67e1a58a0d5c8cdd74c3f5b787b54ef25e81f44fc587c231cc29cecdf1c754c04f1692c75bd8e62c4ef7929dcf45a020202020202020f8ee9831a8702e8d7682aa699913e4a4929e1de758be591a5ad68efcc9f6292b0f050b02ee42c15865b1a5b3a9ee74d0f7ad22c0dbc72338db4e4831e8cef4723459a428acfa67fe70b4df75deeb2a882427ae780db1e564451a2daeba20adb9a01e282f8c1f316c9547a1601b90868b1018d02e2dc17751b221f3a9db54cb8bed938c9b578a9e5316fb0003ee5c8ea137ccd7cddc6991f49871c1f7f03baba7885b46347b971554ed97de70a9b61d31c23d1cf36a5e64c76a4df2bb47ee85ef725d852f98f48e7fd4713cbd21d97a3a8c0d8ac28f38c9fde72e4b54db9baf9fb3df69936ca61c707c474d26d8c61ade54ce27dafff0065eeb408b6157cfd9e935f9be2d1cbddcef82f7ee7d517032bf9222a6e4d88f7a0918d0067f5a22f70bc672fbd05b541d1be1bdedba1a073e28d432dd23447ba32be5cd0644172cbe67867c1544b36879e41a74fc7fba090e6d03868efe2830a53791a0e649b024f920c5a916a871cb368083a47a35d53a9ba50a28417013c15111b71ec6f67ed62f1d7dcdd1def5f22880808080808083ce3e993893a2c2f662801ec3e69aa5e3f65ad60fb6549debdcf32b4ddb7e656a199675148d680ce3aa25935c32769e0ec8aa301a3a9ad7373b15152b270c25c4d88297450bf7e4de668ecf354648cdbaa206e0657fe0829636d504acd5a399ccf256199dcf413c9272b9e4bba8dcf9ccef714da97759b518a1cb3a978d7becb8ecf4fcfaf9bbed3a3e9f0e3843efcb086007805c5bef14ec8b39f6d10be39576f9e07b82e87271f2297cafa4137d47179fb43b7747e00d8bc207f81ff00b15c86a3b73589cdd069df8d87c9f01d347f6ed0ff00e2e96fd72bde683d8d5cfd9e8f5eed69e5eee7845c71f35ef5e8156b7ebe7a21297777795d1073da058db24163a4698c83ec4135510e6c65cdef1cb5fe164969585c5c32373a00106ca905da4816205adadd54527b804e59209801d536cebdbd53cd06bd843aa7858e46dcbc5063e27239935c0bff00f4923e93a26c769701e90b03c52b37852b6a03242d3ea87831dfc017027baebc75eebb746fb3dc9a65c91440404040404041e4cf4c39fe11b59855346f0eea70edfb037b132bafee6859ef5ee703a675e16782db32cf106f441cd3670e2883aac35844a3f38d364bad989553f5f20706eefb7559bad913c9bdc924f3283329ce4cef0b51b999668bfb5545dc110b660dc9f0545cdf59a399015a77a55ba5e840db8c89c8e8325dcddf3bb3886d03b7f68b11240ceae4bdff006d7199dedabe72eff4eec70b943a3bceab8d7dd21ce71e37c6eb7fee95d1653b1a793e53ae4ffa86373fecee1b0600d8dc1c0ff971f595c76a3f9589cdd269ff008d47273be99dff00f10d1b4664520bff00adcbdf6851f22ae7ecf43af76d4f2f773f6b7bd7bc7a14ac680780f0445ce16bee1cf984116e8bf32828f63803c420a54d4c6f0deae46b86962a5e1bb2586565adbc09b734bc259b6a7958210039a6d9dc1d55ba209e5ed1d011dca8c885e0d29b7bf2b14825834eebcc78f13f8f341858b7e72b22634ebafb94956156547557110b965b740e60dd4ab75969df77bcf06dbcd98c429a8c3768709f854d1c64c26ad81e1ce68ec917d6f959622763731b5f54aa08080808083927a48ed9e23b21b2344dc16a1b4f5988543a0748581c4442325dbb7d0e6dcf8293e0b1e2f154d3bdce21d23aced6eed7c54459082dd2f63a02add2c9dd5325b743b747725d50841734660203edcd419307aace192dc332d8338782a8bad616551517238e482f81b79180ea5c05fda16a88bd510ce24fc33c9e8202e4e4e37e4bb987cea5c371cfef157df8d5c9f6cae2b39db57ce5f41d3fb2c2e54fb3a61d38dd71efb944b9b63dfdb55a40fd295d1657b1a793e53adffec31bf94bb8ec38b6c760c0ff00cb37ef5c6e7f6e67139ba7d3e2d96a3939bf4c563b5500ff00a467da7ae83438fa79e73ece775dfc88e4f870db3b41ed5ee9e9128d0007dc88b0917cfdbe0a88de6e730141249fd49b0cae1069802493de7eb5e29def22f0323af2fad14361ae7cfdc82e89e799bdc714137c225636cd95f6e22eade51482ba58de4f65dde47f057ad2598f553cc2674a6417390eca75a4b430640e86a08a9bb5e2ce21c3337cc587222de6a4cdd52523c3e6dc77a84e63daa0f7b74338fd46d2f46f83e215f299ab775f04f2116de7c6e2dbfb40094ee5a9f6cb4820202020f247a586d551e2fb514583d04a65fc8ec9195047aa26796dda39968001ef36e05677caf7381b99bc3317444d33af33ada34001044ef58054554174799b0d5025b372cafa5904d09218dde041ef5b86659f13810db2a895ce190fb9108ee0eb9aa3228d97ada70ed1d2b07ef05e4c2fbe9e71eaf1634fc15729f477d7b47586e09cfef5dcc3e7756e70cc73fbc15f7b6754ff00b657139cedabe72fa1e9f1f270b953ecea5301ec5c73ee14b9863a6f8c56e46dd6b974595ec69e4f94eb1b73f8dfca5ddf635bb9b25838ff00a48fea5c66776e63139cbabc947d3d1ca1cbba5e37dae1dd4b17d6e5d1e891f4de72e6b5c9fa8f28f77c734656b6abdc3d2ae3a22233a77208b22ed104cf37848bdac834e49048bfca3f5af1cef79217b3417fc6aa28e3668fc7241488f6864824908cd042d36795452aff00a971e205d0478b7e72ad8f6dace899ee16fb94818d076676f8a0f66fa2b5575dd1c55404dcd3e232803907358efac9529df2d4ee87655b64404041f07d366d8c9b11b015988d25bf284ce14b4848b86c8fbf6bfca039de20292b0f07cb23e52f7c8e73e47bb79ce71b97127324f12a22e68b8e192081a6ee71e6e282d27b6a8b5efb02402506d22a28cd3b9ce7b8bb2cc1c96ac9755b04715dd1b6c79df3d5058e1bd21b0b2a8b9a4c4fee4464def9aa2f1cd1199865bf28d1836febe3fb4179703b4a79c7abc398ecabe53e8ef4e3dab1248defbd7736daf9d5f6385e31f9cc7ab5d6b0354ffb6570d9c9f9b893c65f48d3a3e5e147f1f6751988375c83edb4ef72dc64df15adcbf4cefad74797eca9e50f93eabf9b8dfca7d5dfb651bbbb2f848e54917d90b89cdf6f5f39f575f94ec28e51e8e55d2ddfe381033fe6d17fecba6d13f1bce5cbeb9f93e50f906642c3de57b77a51c72e36d5510b8df51e6a0b0eba0f3417be40d8883adb920c09a291ae738b1dba5dbc081ccac4c4bc912a451484dfab7daf9f64a9695bac98868ceedf1164b488e29185febb6de3dea0cb78046f35c0f81d506238da51920ba73bd0b87369fa9063caf2440ec8da3b67a6a7f8a08a4de120738016f9aa8f57fa224ce7615b4b0d9db826a795a6c6c6ec703f642cc6f6a773d06b6c88080838d7a56e193d7f45eda9818e70a0ad8e796dc1843984fb0b82ccac3c66e708c92e6ef03ee2aa2ceb99d6070de16eed5416c8e746cf92493966a8ab3405d9a0abb3419b47505b1063bd506e0ff15625261920dee496e791bf0551130f6f85954646e878b9417037cafa2a891833cf8a0cec18038bd0b48163511e5fe60bcd978be2d3ce3d5f9f35b306b9e13e8eee05a4d7e57debb899bbe7b10e198a58e3d55c8d53fedae17393f32b9e32fa4e9d1f0e147f1f674e948de70ef2b917db637b96e31962b5bff75ff595d1e5fb2a7943e49aa7e6637f29f57a1366b2d9dc2c7fd245f602e2335db57ce7d5d8e563e4d1ca3d1c9ba5bfef8bad9934d17deba7d13f1bce5cb6b7f93e50f920034686fdebdbbd2cad767ae9de82295a732821df01dc324549bcd730dce7af241991b83e9e20476c6a798e0832985b0c44b9c1bc6e792a3458a5536a9f6636cc1c4ea5626abb710c06b1ba168bf78fc7e3c56153756c2dc98df2418d282c24b4db2f154590c924dbcc7b40770b036296149a370631a41de6e84156c975d1969cdc0e5605a428af707a37d4d2d4f43f828a488446232c53341bde5121de77b6e0a94b553a6ad32202020c5c56829715c36ab0fc4226cd475513a19a3768e63858841f9f7d23eca54ec66d6e2181561df303b7a197e962766c7fb46bde0acacbe5a96965aaaa6c30b6ee71d4e8d1c49ee56e8dc49434ac94b29c192c774971e3f8cfbaf6e094de4960d453ba99c1a7363bd5293020395d04ed1668b282ea694b650c198238705a89494ec203b3d569192d1d9cf8a22ed154480fb5067e0837b19a016d6a23fb4179f2db71a8e70fcf9b9b6057ca7d1dd9ceb3c10752bb78def9ed5368709ad1fd3538b7ff0092efb657099bfbebe72fa569ff00fe5fedf674e92d7cb4bf05c93ed90e5f8c7f6ad6e59f5aff00acae8f2fd953ca1f24d57f371bf94fabd0bb37fddec2f8ff00358bec05c3e67b6af9cfabb2cb7634728f4726e95ffbe725b33f078bea2ba8d17f1a39cb94d6ff0027ca1f204e575edde9c70ec9001ba22aeb18f76c01be88207b2e39a08dcd00dc0d1152c5511d3c64b8ddc5da657d026e586155d6c952ebbb26fc96f25e399bb5116639371e2a2ad1e1ee4190c1768e482fa2a07554ed73c16c17ed1e7dcb5117499b361574cc648f76edb3baf25986bde585d6362a0c3c5236b6212c46cf69b1ef0a4c3512f557a1ee2d4f51b158b61bd7b7e1705699cc37cc31ec68de1ddbcd2bc74ef97927743bf2d32202020a20f1af4fd86319d2c633d78ebdd318e5697e640731b66f803904825f378be1f1ecfe114b1cb1f555f5d175f72db08e226c32e791ccf1b5b2049cfdd26e7c9d23a3633f3798cfd9a2dc24ae9a333ddb27ab7f6a6f469ea217453f54fe7af30b2d2522edcff1f8fe2a053ff5ee7726db35a849673981cc197b56995d1e6db5b30a8bc78a0b86609288d8ecf3cb71dc389e1511fda0bf4653b7a39c3f2e776e5f1394fa3b887136f15dc46f7cf6a970eac7018dd45865f0971fdf2b82cd7df5f397d334fdd85fedf674dd4ebc792e49f6c9730c67fb5ebb9995ff00595d1e5fb2a7943e49aa7e6e37f29f57a0765cdf66b0a3ff004b11fdd0b88cd76f5f39f576595ec68e51e8e55d29ff007ce51ce9e2fa8ae9f45fc58e72e535cfc99e50f8fc86a6d7baf6ef4ea10795c77a0b81bf71e688b5c33be974167541dafaa116ec1ad8f75ed2d161ea8e1f8d566a6a96370e1f8fc7e2cb0d19db9fe3f1f82800e766ebf8fc7ff483690d2ba38c75a2c4e7bbcbf192dc53e2cccb6d4cc0d89b6b6eeab6cad96264f306c81c58e6dfb26c4a107e4da469245303dee7929655f1c5491823aaa61e201fad0763f4668a2936dab9e1e1861a0716b1a0343f79ed074d6c3eb58ab7c350f4ca8a2020200cc841e06e94f6ceaf687a49c53168a6dd6475062a5dd370d8e325acb796f5fbd6565f198be2d5b8b57beab11aa9aaaa1f6df92576f136161ee0158d889f07bbe17eb91256a125b10d26fae634e6aa22ad804cdbb7d767681e16b69f8e4a4c2c4b5a45867910b0a538f588d320b54a4b3e23d95a6578165457c74415e088cfc0ac319c3c9d7e111fdb0bcf96eda8e70fcf9bec2be53e8ee4ef5c03f3bef5dd53bdf3aab738757f671aa9caf6a977db2b82cd7695f397d33213f0e14ff1f674bdeb3b35c8bedd30e658b8fe97ace7d73beb2ba3cbf654f287c9355fcdc6fe53eaeffb28eded97c20deffcd63fb217139cd98f5c71976393db97a3947a395f4b576ed81773a68adfbcba6d127e9bce5cb6b91f53e51eef912e073e3dcbdbbd2a80f6adc10572b8245865af1445c1dc0f2fbd056c32bdeda648307106d98081d9163f72956e6a9dec036cf978af1b6ab18f95fb8c6dddf8fc7ff483e830bc35b0fe71e37a43983c97922962654abedd4100e57c8ada4331a7f3400399d42830314a97d240d9a3635ce20764dedaf75926765d636cb47f96ea0dc16c4c3a5fab0efaeeb1796acab316aa71b0a97b7f6406fd414bcad9bbd8fdafc5765b1fa4c670ea971ad849696cbda6c8c3ab1c391d39e878293b56363de3b218fd2ed46cce1d8d508229eb6112069372c3a39a7bc1047b1226e4c59b85504041f37d24e30fc036036871489c1b2d3514ae8c936b3cb6cdf790a4ee58defcec9090e7126e74bf344591b72b9e2837585c6d6318352eb388be97d3dcb54a4b6446eb7901d97155104bfd5d8e401f34103e99b2425d70d23423ef5262eb7633232c60b8399ba424b21b9001545e0dd51771f040e3e288cec1ceee2b41ff00911fda0bcd979b62d33c63d5e0cd6dc0af94fa3b913dab7eb7debbb8def9cced870fc47fb62abff21fafed95c1e6a3e657ce5f4ac97d987ca9f674b71e3f52e41f71736c68018cd68ff19df5ae8b2dd8d3c9f25d622d9fc6fe52ef3b1e77b64f07ff00c58c7b97179efc8c4e72eb72337cbe1cf08731e9845b6a213ce919f69eba2d0e7e9e638cfb39bd7a3ea63943e1da74cd7ba7a395d7cc222f69cc8bdc222e19819f2d50577b3b136418f5719303c000e452772c6f6053d3cb5046e37b27e572fc7e355e388bb73367d061944d81a1d9979e2745e488b3332d8bbb2c25bec5a65a768dfa9e6d26e6de7f5a2b3dfea8693af1ee506ab689e7ab8da7e55bddf80a55b969def9d786f25e36d6bd8d0439882481c44f090dde2486db3bfb2c83dafe8c3239fd135246e76f361aba98d9e1bf7fac948859ee7585504041cd3d23ea3e0fd0ced0d8e720862ff54acbfb949587849cdde77722286f7c864836b8338be47871cee3339f0b7dcb50ccb6a4dddbaecee2d6e45510d41b01726e72371a20ac0379dba2c4585ec1041582f339c0580d1058ed3b91158ce763aaa251c5115172724195861ddc4e8dd6c84f19fde0bcb81da53ce3d5e1cc45f0abe53e8ee57b3ed7caf75def7be71dce238b5db8d568d2d50ffb657079b8b62d71c65f48c8cdf0b0e7847b3a31765dcb8f7dc9cfb1bb0c6eb3919495d0e57b1a793e53ad45b50c6fe4ee1b0afded8ec1cffd337eb2b8ed422d9ac4e6ea34edb95c3e4e79d320b6d1513b9d201e4f72f7da14fc8ab9fb439fe9047cfa6787bbe07bb4f05ef1e8151c105c0dc8288b8b86f59514df1616e4a03a56960b385ef98e683329a46f523740bded6b22cb631663527801ad9515a8ca1373981913cd546ae8c6f38bed979e4a2b2ae5cfec926e6d6b7041a0da69af5e18cbeeb02cd6d52d3ba4bbac33cd61a48d17d1065d0caea7983da48b82d716eb6391b77d907b63d1c30f7e1fd1060bd6b5cd7d4996aacee4f90ee9f6800fb54a5aabc1d356991010725f4a297abe87b116eedfacaaa66787e701fb966561e277373b2a8b4b506cb076963f7b4de390fbd6a1259f33b75d606c0f255104cebbb90e40a09e17165dc0df814463b9cd33bee2e2f920a96800d9046e041ba095aec954483de826a3ecd653919da561fde0bc98536ae9e71eaf16345f0ea8e13e8ee6f1da3c33d177cf9c7738aed10ddc7f12dde15327da2b86cec7d457ce5f43c84fd3e1f287df0ce36916cc0fa971b3bdf75a76d30f82da004637543f5c1f705eff00273f2297cbb5f8b6a38bcfda1dafa3d3bdb19849e5111e4e2b91d4e2d9ac4e6e8f4b9be530f93e1ba671fd33869e74cefb6bdd6833f2ab8e3ecf47d20ed68e5eee7bdebdf39d56e45ae817440ebee455a5bcd059d5b41beedc77225db3a31d60006b736456c81cda01cb4e4b4886bdc1b4a6c458e5973418b4ad2c80b8dc13a28a9689dbce2733b9ea9d2e107c9e2ee7cd884c2fd907742c55bdba77208e2ddd75515264077a82f69c8f820fd14d909219b64f04969a36c503e860746c6e8d698db603c14a3ed86aadf2dbad322020e51e93b54da7e8831163a36bcd45453c409f927ac0eb8efecfbd49587895c88b4f141baa66011d85859a2d75b659152cdf60238f25518ae88bdb71eb779d54552090e40eba7b505ad3f9c75efaa227f0288b1c1551995904a0d8dafc9117c26d2b1d9dc387d6b746caa18ae2f4cc7077571b38dfbd77f0f9ab8c6d4377768b1407fe61e7ef5c467e2d99ae38be83a74df29873c21f7501bc119e6c1f52e32a8b4cbeef8337c3a67847a3e236945b1ba8cbe69fdd0bde64bb18f37ccfa4916d4713cbd21d93a373ff0005e1bdcd78fdf72e5755fcbaff00cee7bdd27f0e8ff3bdf1dd348fe90c29dce1907ef05edb419f82b8e31e8f4fd218f8e89e12e703c82e81ce2ae088b40b141736d636d510d4f720b80bb6c7dc83330d240771e2121594c9097e96770bf25445893b78c51b34421490ee420306a2c07720ad1761af78f5403a94825f375d4e6297ac19b2437f03c962a8ef6e258ce372a2acba82488175edc8a4ec1fa25b1145261bb1980d14e0b65a7a0822783a8708c5c79acd116a61aab7cb76b6c88083957a4dd236a7a20c4dee735a69e78266ef1b5c89036c3bece2a4ac3c499df20886e9bf0506e2987e685b8b40b9f05b66599059d1349e06d65a4452b00376db7afaa8312501b212df78455ac17ed77a2266900702aa06c4dec8288abbe5222e6bacf6f137569decd5ba5dd8bae6fa2fa0c6e7cd277b906d88b6d3e243fc5bf9b42e2f52fcaaf9bbdd2a6f93c3e4fb3a137a2a77659c6d3ee0b8bc4d95cc7197ddb2955f2f873fb63d21f17b559637377b5a7dcbdce47b18f37cefa4d1fea15f2a7d1d6ba2e7ef6c6520f9b24adfdf3fc5733abc5b375797a3dc68d37ca53e7eaf9be9a9bf9cc21dc77651ef6af63a04ecc48e5eef59d228db873cfd9ccdbee5d13995d7be96443d881971400492472e4883efa0d5519785eef55231d6c8dc9be48acb68bca33cce96410d59eb2bdac1f242a42c9eef70b03dca09980474b21c9a2c1b7d5096b71b0051139025e34e2a4ee58ded0936d578db558c73b30d3edc907d77453402b7a46d9aa7929e2a88e4c4220e8a4cdae01d737f002fec59ab7354ef7e80eb9adb2202020f3e7a616293c1b39b3d85c6edd82b2ae49a5fd6eada37479befec0a4abcb1265636e0a22c0506d298efc048b9392dc6e6659509dd64a38120df5d56910b8b8821a6e753dca085f116b5c5c48b0454709eca225be4a8039a0b8682c110b6682b7b5cf2cd51dd2376f46d71b66d07cc2fa053378897cd2a8b5530e4fb6a2db4f5fdee07cda171daa6ccd57fe773bad227e8e8e5ef2facc31d7c3290ff0084dfa82e2b1b66255ce5f73d3a6f95c29fdb1e8f90dad1fd30fef8d87dcbdbe43b1f39705d298b67e7f8d2ea7d13bafb1f18e55128f785ce6b31f553ca1ecb44db958e72d2f4d43f33839fd6947b98bf6e81bf13cbddf87a451b30fcfd9cb74bf25d1b975ed3c554b2a333e2828722505cc2d0eb9f208191b95512d2bb726734faa7fdd4567533ef296f0272b1d02a2161df9679353eab524590377cded71c2e5419b52ddda7dc20f32aa3498db8ba9e9d82c2e4b8df82cd5b9ba77b571b40d32efe2578da4d6c90756f465c30d7f4af4331692ca1826aa3dc777707bdeb33be21a8dd32f672f232202020e31e953b36ec63a3b6e2900bcf834c27207189f66bfcbb27d85667c563c1e3c93d5051112a3370e906f398ed1c32fc792d5292d9d33839cf61b7ab95bb9565616e7ba6e08bf05445335dd4b838f0bdf9a0d731c5a541951bf7820902a2b7b0088b9b7b6a828ef55de08aee14877a8e07738d873fd90be81873f047287cdb163e3aa38cfab96edc7f7a2b7fca7f702e4355fcaafcbd1db68df87479facbe9b077038551ff00da6fd4b8bcc76b5737dc34a9be4b067f6c7a3e636bff00b5b4d626fdebda69fd979b89e9647d744fed8f774ce88df7d9322fa5549f53573fadecccf943f7685b72be72d574d02f4784bb809251fbadfe0bf4e813f1e247087e5e9147c1873c65ca89cecba5728a872a01fc11176f6b641139e42165865b68859341390f0e70b000fb506ca9ddd5d3ba5ddb1ddd0f356095034b62646059e78df8a0caa78835d7208233481656ced6b4926c2de69b8887ce55cc6a26cb468b05e3aa6edc459635bc965525b241e92f440c24866d1630f191eaa8e33e6f77fe8a47dcd7ff002f482db22020a39c18d2e710d6b45c926c00e6507907a6ae9cf15c571cadc2364aac52e03135f4d2c9d531e6b2e0b5c4ef0366ea0019f1f09bd77387c6ede86dc8d94457e4a035c5a4107319856f61b4a5a805cd7dec6f9adc4b32cf95bbedde65c8d49bf05518d50eb476cb3d14182f8811dfdc821ed466fc1064c52076aa89ae88ae8d41427b279d8a4abb661f26f61d48471859f642eff036e1d33c23d1f37cc6cc5aa38cfab99ede65b4f51dec8cfee85c9eb116cd55ca3d1d968937c9d3ce7d5bfc09d7c1a8ff00ed85c566bb6ab9bedfa2cdf21833fb61f3db63962109b6b17de57b1d3bb39e6e4ba5d1f5544fedf79741e87a5bece55b6fead51e1cd8d5e935d8fa889e1fdde7e8fcdf2d31c7fb21e9905f07c39fcaa1c3cd87f82de833f36b8e1eef1f48a3e4d13c7d9c8cb9752e414ba05ec88b8121a6c8a8dc82e6300cec88bf74e76b5ec45fd8836606f470b75deedbaddda2b1b84d0343e4748741a0416d655b616903379f93749988222ed0d54ef90d893dc3905e399bbc911644c6003359178161a6a82ee083da1e8d9851c33a27c3a4736d2574b2d59cb505dbadfdd68528ef96aaf07515b644041e59f4b2db2c668b6a68767f0eafa9a4a0144d9e58e2716899ef7badbd6d400d191cb559bedb2bcdb552cd2b99d6bcbcc6c6c6dbf068d02a85238dded3c45d065fc85059c9512b1c5a496a44d86e282a5b2b435faf23c179236b32b2acef4fbb6bee8e2a22173354163997082000c6ee364565b1d70ab2a9392034e47c10766c1ddbd84d09bdef4f1fd90bbdcaf634728f47ceb37dbd71c67d5cfba436db68ee3e5411fdeb99d6e3ea7ca1d668137caf9cb6db3aedec1697b9a47bcae23371f3aa7dbb40abada76172f796976cc7f3aa67738c8f7afdda6fdb573737d2f8f9d853c27d5f6bd0dbef84e24df9b50d3e6cff0065ea35e8f9b44f0f74e8ecfc9ae38fb25e985a4ece52bbe6d50f7b1cb3a1cfcfaa387bc37d208be5e99e3ed2e3dc5756e341ec41506c824658e88928e43da4555aeb222e0fbd81d2e3341b3a57b3e071c8f70003437336cefc1518d5388171dc82ed6f136b1589abc1a8a7c586e3bad2e71248e6b1bda6266eed6682561cac505e34417451be69638a31791ee0c68ef26c3dea4cda1622f2fd0ed9cc31982ecfe1b85c400651d3474e2dfaad00fbeead3168b13379bb62b482020f377a5f6c6d455d2e1db5d44d748da267c12b1a07aac2e258ff000b920f88599d92bbe1e5a70dfed7355085b69477e48325dea282cf9482f61cd049bc58eb8c8abb8648a8eb24de70b5c65c96e26eccc250ebe8aa2a1cd70b8b208a58f5d5408b2666a8baf9a034e688ebfb3926fe01873b8fc1d9ee165dce46abe5b0e784380cfd16cd6247197c5f48adfe9aa777ce807b9c57a0d723e7d33c3ddd1f47ff001ea8e3ed0cdd9a7ff43c43939c3deb87cec7ce97dafa3755f4ea384cfab57b646f2519ee78f785fab4ddd5793d2f4bfeec19e157b3ebba1977f37c5db7d1f11f7397aed7e3e2a279bf374727e0c48e30d9f4b837b651a7955467dce5f9b449fa9f297ead7e3e97ce1c62f65d738a50901058e759004b6391080e78c892a5cb2824cb269fa93ad0b650bdc45ae07866a4d47557071dc033b0d013cd66f769469ceca0be4b9b0e0354166448680828322824b20fb5e86707fcbbd27ecf5296ef46da915120e1b918df3f6479acd5e0d53e2f766b99d5791910101043574f0d5d2cd4d551326a79986392391bbcd7b48b104710507817a60d9ca4d92e91b1ac1b0e639943048d740d73b78b58f635c05f8dae4780598597c602010792a8c878c941191c505cc1dab20b8e7aa0bddc6da724140f7069b12b512965d1cc4778ee562a4b321b50d764e3f72a9655af686e562a8b49cce682b7b044751d919b7b66e87f55a5be4e2bb2d32abe568ff3bdc4eab4db375ff9dcf9be919c3e1b42fbeb139bfbdfeebd56bb1f1d13c27d5ee340eceb8e31e88f666b618f0a224958ddd91dabbc17139ea26716f11dcfb0746b3145191b575445aa9df3c985b55574f38a6ea641216975f773b68bcd90a6aa3add68b3d774a71f0b1a30bf4ea8998bee9e4ddf467b4143828c4bf2848e8fadeafab1b84ef11bd7fac2fcfabe5b1331d4fd38bdafecf5fa266f0b2b15fead56bdbdd99b7bb6786633813a86884c6532b240e7b374585eff005af069ba7e365f1bf5312d6b4bcfaaea58199c0fd2c39999bc7739a990919103ccae83ace6acb2fbc7d675fc94eb4ad9470b6a3ccdd4b96534b5ac0770417db219f0e6a0a346482e173a2070082e6ea105ee25bde822bfe71bc73412bc6796482e41d23d1ef10a9c3ba53c18d2529a9f8539f4b2b40cd91b9bda78e5bb606fc81e6a4ef8587b616d040404041e33f4b4a034bd29b6a6dd9acc3e1901b7169730fd90b3debdce2a5546544edf8c731915052dda01057e520a904140baa2baa0a0082bc352a00f01e4a8bf87aa3bb34b8a136b0dd17efcd2f22786baa628c3229e46c6346b5c401ec5e6a7318b447569aa6239bc556061d53d6aa9899e48e5a8925b75af2f23e71baf1d75d55fdd376e9a29a7ed8b29d61b581f6ac34b03893a941473c91a9416877b5502724069417137405056f9a05f3ee415074415e2551734e8a0b9e6d6082d8d85ceba4899edb1bf3414b6883d37e8938342dc3f1cc6648586732b2922948cdadddde781e24b6fe0a46da9aee7a156d91010101079b3d32703924a2d9dc7626131c2f928a675f26ef59ccf32d72ccef5ee7976eaa25a6bf59ba0125d90b7350482dbc80fee4178282d279054501415be48284db440ba0aef1b20a17141507241425052f9205f2414250506a82e23c90102e82b7414dee482e05056ea0add51730e682931bbc00a0c98fb0dcd05ce20b39a0c9c2e86a711ad86928a0927a899c191c51b6ee7b8e8005266221622ef72f453b287637622870a9774d5e7354b9a6e0caecc80790161ec5688b45e499f07d7ad20808080835f8f60f87e3f84d4e198c52c7574350ddd92290647911c88d41198498b9136795ba4df475c570832d7ec5bdf8b500bb8d1bedf098c726f090793bb8aced85d92e12d7d561b5c1cdeb69eb29a40e1bcd2d7c4f69b8c8e8411c55498ee94c185f0c72b8f6dcd04df8a80de564147ea82d54510510550102e1053785f2415de08297414ba05f2402505105c09d2f9205d050940415082f16e2829920a81c104917aca0bc80d717388de3a0417024e445877ebe4a89a99837ad6d7224a83d77e8ebb011eceecd458de2300fcb188b03da1ecb3a9e1cf740e20b8667b880b34c5e7ad2d4ecd8ec2bc8c880808080808083e476dfa39d96db56138fe1514b536b36ae2fcdcedff0038ccf81b852cb7713c53d192a9b50efc91b4b0ba8be436b298efb0722e61b1f20a5a4d8f85c73a08db8c3b78d3d0536271b7475154b5c7fd2edd2a6df03678be1318d90da4c1dae7e27826274ac6eae969ddba3dba2b71f3ee2e6b882483c88445378f7792a2973cc205cf7205cf7205ddc377cd03b5faa81dae63c902cee63c9053b5f38792067f38ff00a502dfac7c903fcc7c903fccef720ae5cddee40b0e6ef7205bbddee40b5fe539056d9faee417068f9ee1ed082f007cf779a09628b7cf6778fb506753e19532ff005516bc490141b5a4d97ad988b98583bdff00c1369777ce84ba21c266a7a6da0c62a057963c8651865a36bda757dfd6e040c873ba9d599deb136dcf43ada080808080808083e7b68b6a29f082628a192aea86b1c6400dfda770f0cd073fc636c76aab9db940d868184d8752cdf7ff00a9df704b8f8fda1c2b69aa26ddc72a7127bce61b3c8eb7b069e4a259f3d2ece563736ba56f838842cd3e21b3758ff5ccaffda713f5a2be76bb63aa66d612ef10835526c2d55eed8dc10467626b1bf25e82df89b5a3e439053e27d67cc72a1f13eb3e8dc81f146b3e8dc81f146afe8dc81f14aafe8dc829f14aafe8dc81f14aafe8dc829f146afe8dc81f146afe8dc81f146b3e8dc81f146b3e63903e28d6fcc720a7c50ad3f25c81f13eb79390546c6d6727a0b9bb17547e4bd04f16c5d4dfd4720cea6d8ca9bfaae41bea0d90aa691d9720fa8c3f656a1a064e44764e87229b0f8710a098bb71c5b3b01e07d577fea843a4a28808080808082c9039cc21a7749cafc906a1d80d3b8924024f12828cc069e2919235adbb1c1da77a0dbcf0c53b0b278d9230fc978b84180ec070b76b430fbff8a0c5a9d9cc3658cb62a08197f97637f620c076c6d11fd1b54b08ddb13447f46d5442fd85a33fa36a08cec1519fd1b505bf10693e8da81f10293e8da829f10293e8da81f10293e8da829fc9fd1fd1b7c903f93fa3fa36f9207f27f49f46df240fe4fe8fe8dbe4829fc9fd1fd1b7c903f93fa4fa36f9207f27f49f46d40fe4fe93e8dbe481fc9fd27d1b7c903f93fa4fa36a0a8e8fe93e8da82e1b0349f46d417b7612907e8da82666c45237f46d419316c8d3334635065336729dbf25a83269f07653bf7e1718df6b5da6c506d220e6b007bb788e282f4040404040404041476882a82d76adf141720202020202020202020202020202020202020202020202020202020202020fffd9, 'this is laptop bag'),
('kurti', 'Dellx', 'Kurti', 434, 400, 'piece', '38', '20g', 'red', 0xffd8ffe000104a46494600010100000100010000ffdb00840009060714100f14140f14140f14141014140f0f0f140f140f0f141514161614141414181c2820181a251c141421312125292b2e2e2e171f3338332c37282d2e2b010a0a0a0e0d0e1a1010182c241f242c2c302c2c2c2c2c2c2c2c2c2c2c2c2c2c2c2c2c2c2c2c2c2c2c2c2c2c2c2c2c2c2c2c2c2c2c2c342c2c2c2b2c2c2c2b2c2cffc000110800c900fb03012200021101031101ffc4001b00000203010101000000000000000000000001020304070605ffc4003d1000020102030309040709010100000000000102031104213106124105135161718191a1c1072252b12332427292b2c2143353627382a2d1f0e134ffc4001a010100030101010000000000000000000000020304050106ffc4002511010100020202020104030000000000000001021103210431224112325161713381b1ffda000c03010002110311003f00fba301d8000616028c653de8e5aacd7af91f2e4b723792692cd5de6bb59f72c7ccc461db9acda51e1c1ab7994f2e3ded7f165d7e2f2fb6383de54ebc56525b93cba338bfccbb91e630b4dce6a36d64a3deddbd4e8b8ea6ab53a946d7bc7dd797bb24af17d59d8f13b3d877fb5d2e98c9b92eb8a7af63f919aeb6ecf8fc96717f5ff1edf1f4ac94967bb937c7abfeeb3ce6d472a3a54553a6da94f26f3bc61f6acfaf4f13d54a69bb4b2be4d1cdb69dcbf6aa8a59eeeec637f8524d78ddbef26c1c58fe57b7c98c733652a9baec66a7f590a52f7bbcf2f6e8f1d98cdbeb090a8e690e39143a32994a7ef32f451f6847992d48f9f888d99f4998f191cd12c6f6af966f1f4aa966d1f41acd58f9d41fbc7d1d0f72f6f38bb8cb88ad7935d65787c44a9545283dd945e4fa7a9f4a2359fd25fac8d65ef138cdc9f2dedeff00078f589a719c6d1ced24b84b571f137d25659eaf397a23c1f20e3f99a967f526d295f48bbe52ee3a1d0ab15bd26b7acd2b745f41a73793198dd6ba578fa3bf4a50845c5ca9cd3ddb5dbb5d67a5af639ba724fa51d45d37269c524b825f65ae273ee53c37375ea45e569bcb85b55e4d108dbe35977257d6d8cc2efd77392f76946f9e8e4f25e5bccf61565757e17f03e6ecf61799c347e2a8dce7d2be15e16f167d3c3bde7bb6c9f1575dad35e05925d32793c933e4fe236e1b4be6af924fa8bc518d924b868335e33534e6e577764300248b38ec0300018240066c654dc5bd6be6965d6f2f3f99a4528292b3574f54cf329b9a7b8dd5dbe13936db8eea971cdb6ae792e5ca93c3e394a8594dc7794546525372bc65971ff6746a782a71d22bbf3f996aa696892ec48a670b5e3e57e16ea6e39f724ed1495470c5e8edac546545f6257b769e77686b4678a9b83de57b6f2d2568acd74a3ac729725d2c44776b414ba25a4e3d7192cd1ce769f65e7845bea5ced272b6f5ad3837a6f2d3bd7822378ac68e3e7e3cef5357f679c52b323160c1116897d3ebd07eeaec2c563361de468335f6eb63dc32b94732c488c8f1ed94d15d6a7744ee48f77a2cb63e5a8d99b2abf76e555a36917c2378d89daa31c2cdc7cf9cae4aabbd9f515c90ee59a65b97b89a3a3eccf29aad41474a8acaaae95f1f7dbc4e7295df81edb60b9267293c449b8c2ce108f0aab8ebf6574ae3d8efefe3bba8cfcd319c772cbfd3d4d785470fa0516db5fbc6d42dc744d9f128ec7d49d675711520db96f384149c785967c32d0f5e91345f38a6bb7367919e3fa7a7c98f23bb59cf2fe54af6e837e1b0ca9ab47c5ea6862273193d29cb3cb2f68d82c302489342240067001800c060218000c431008cbca98355e854a72d2706afd0f83ee7666b0683d9755c210713462a86e549c5afab371f076f4287a996bb385de9bf0cf2349970a6a3365edd6e3bf1322c61622b7683d0b1322c690792d5756371d2d09a123d79f6f9d557bccadaccb6bfd6235568cbf1f4e6f27eaafbfb25c85fb5d57bd754e093a8d6b2be904f85ecf3e83a951a4a11518a518c52518c72514b4491f0361305cd60e32e3564ea3ecfab1f28a7decf466ae3c751c7f2796e796bea1a004326cc000602b00c00422400661a421800c0600218000000000001c9f6c6828636b5b2bc94bf14537e6d9f016a7a9dbe8db1927d3087cade87968ea65cbdd767c7ef1c7fa6ba152c6c48c142599f42267c9d6e2ee112446d9935a105d1160362b000d882c060c489abc1db55a13c444bf9164b9ea7bda7390bdfa3795cbf1f4e7737593b16128ee538452b28c2314968ac922e00373e72fb343000f0c006020180080000ce310c0600300000000006020023566a316de8936fb12b81cbf6fb12a78c9a5f61460df4b4aeff0035bb8f33046be53c4bab565396b29393ed6ef632c0cb95dbb7e3e3a9234505f33e841e461a51cd1b2266c9d5e29a824c9c5e4409a22b44804c01b03b00019711133517666ac423247265d87a61f2276ecdc858ce7f0d4e7ab704a7f79652f34cde790f6778bbd2a94deb1929aec92b35e317e27af36e1778c7cef363f8e7618d08649518c4300060002180019c621800c100000c004030011f1b6bf13cde0aabe324a0bfb9d9f95cfb473ef68b8fbd58d24f28437a4b8394b25e11fcc472ba8b7871fcb391e1ea3bb1c111916d23365e9dae29db5d2f445d17919e322ca4ccf5d1c6ac896474231249115b034161d81a0f5044c83599308ed9ab9865a9f46b23054d4b7065e77acf67f8addc56eff129ca3debdf5f959d291c7367f13cd62294f451a91bf63769793676346be2bd383e663f394c62196b19800c00000000000ce8048603188600000000000071fdaac573b8aab2d7e91a5d91f757c8eafca589e6a8d4a8fec4252ed6964bc4e2b8895de79f595f27ecd7e263ddaa596526565f42267c9d8e29db45b22c82d0a60ecfa8be28a2b76356265902b2c89e26b6549a57f329922d94eebd0a9b044521820ffb23c7ba5752391f3eaa3e954d0f9f5513c2b3f3e3d151f43b57246239dc3d29fc54a127dae2afe6713a4f33ac6c36237f0505c6129c1f8ef2f29235f17b70fccc7e32ff002f40310cbdce031243004008006021819804301a191180c00000004c0f2ded071db98654d3cea4b3fbb1cdf9eef99cca6cf4db798de7316d279538a82e8beb2f376ee3cc328ceeeba5e3e1ac21234d02848d34a25193a7c33553a91b9652905ae2d195364eaeda095c81222b0dc84c4d0c0120426302350c5591b998f108962ab965d32c19d1fd9bd6bd3ad0e89c65f8a36fd0738b667b4f67188b62271f8e979c5ab79391ab0bdc717cac7e15d190d11434697252010ee00000002180194620018c40031880008d6a8a3172964926dbe84b3648f93b5588e6f0755f4c777f1b51f50f64ddd39472856752a4a4f5949c9f6b77f53312966c7ba65b5dbe3c3a4a28be25715916ad0a6d6cc26964053438a099068fa5b190d321164ae789cb4c620478f606493228683d13d0c9511aa6ca2ac494579f6c2cfb9b2389e6f1749ff3eebfef4e3fa8f8b511760aab8c9496a9a6bb5668d18d72f9b1dee3b8a04574aa29454968d26bb1ab961adc23b8c8dc603015c00602b85c0cc17120024020024046e3b80cf2ded0ab5b0d18fc5533ec49fad8f5173c3fb49abfba8fdf7f24bd48e5e96f0cde71e1a9accb9c4a20cbe065c9dee2f5a344e024b2146fe6555a274b601309ab2c88b7a588addfd2d8b24f42b94ac4ef91e272c343b9188d87a905c484d9e064648690de84a2358ab448517997623433c1e65d8b9fcf355d8b66eb6fe128bd7e8d2fc3eefa1f50f37b095b7b0497c35271f17bdfa8f446bc7d4703966b3b12191024818d322c6806020033260450c0902644770185c400339dfb44ab7c44574525e2e52ffc3a19cc76eaa5f193ea515fe29fa90cfd2ff1a7cde722cd548c9034c0cb9bb9c356a645a263457b6bea9df223474271230d5917ba45ea5ffe8aa48b1682bd90a24991448250c1001e3d498e4d5bbb322c8b3d46b3e22465897d633a2ec183c8ae8fece6ade8d58f4544fc636fd27b04785f66b3fdfafe9bfce7b84cd587a70f9ffc95219143b9352602b800ee021dc0c802b8012b8c88c0770105c06724da9adbf8aaad7f11afc2ede875994ada9c5f1d537a6e5f149bf16d95f23578b3bb54419a206646b82f74cf93afc2b62c772a5a138b2ab1ae54e212441206f33c4d21dfb008b4789271249950ee78f76b6c32a521a9036be306426439c2b9d467b11b74a6bb33c596556548bf18e7f365dbdbfb37a9f4b563d34e2fc256fd47bf4734d80aca38cb3fb54a715db78cbf4b3a4a669e3f4e3f933e698082e4d9d2b811b8ee030105c0c802430240446030040c0cbca753768557d14a6ffc59c72a703af72eff00f2d6fe8cff002b39054d0ab93e9b7c4f5518accd89e464a7a9a5ea67c9d6e1f4b29c722c482968396857b6bc719a572911866244a9f1ed0f3ed3b86f10436452d9c644ae5312d5a0af65343231d4b024834553762d919abfa9ec55c9e955465689488c0be39dc8fafb3b89e6f17465d15229f649eebf2675e4713c27d75dabe676b2ee3fb73bca9dc490ee450cb590ee02001dc04303ffd9, 'dsfsdf');
INSERT INTO `product` (`catid`, `pid`, `name`, `rate`, `disrate`, `unit`, `size`, `weight`, `color`, `photo`, `dis`) VALUES
('Shirt', 'shirt42', 'Shirt size 42', 420, 400, 'piece', '42', '50g', 'Yelow', 0xffd8ffe000104a46494600010100000100010000ffdb00840009060714131215141214141415141715141415151414141514141517171614141515181c2820181a251b141421312125292b2e2e2e171f3338332c37282d2e37010a0a0a0e0d0e1b10101b2c2420242c2c2c2c2c2c2c2c2c2c2c2c2c2c2c2c2c2c2c2c2c2c2c2c2c2c2c2c2c2c2c2c2c2c2c2c2c2c2c2c2c2c2c2c2c2c2c2c2c2cffc0001108010600c103012200021101031101ffc4001c0000010501010100000000000000000000010002030406050708ffc40047100001030104050708080503040300000001000211030412213105415161710607132232819123425272a1b1b2c114243362738292d14363a2d2f05393f1a3b3c2e1153444ffc4001a010002030101000000000000000000000001020003040506ffc4003411000201020404030605050100000000000001020311213141510412326122718113335291a1b14262c1d1f01472a2e1f123ffda000c03010002110311003f00f1d49208c2210229424a1049f4a99710d682e24c0001249d8004d5e91cdb6876b291b53c02f792ca53e6b46048de4cf7054d7abece371e10e67628e85e6edce01f6aa9d10f41905ff99c701c315a6b37246c34c7d8f4876bdce74f7481ec5d6a8f27fcf604dc75ae44f88a9378bf91ba3462b42b37445906566a3fed354dff00c459f0faad133b29b3f65280a66b8612d98d72470429b8b7e26fe649c5a5e14533a16cdaecb4bfda6282a727ac673b2d31c1977da0aeabaab7d13c64e5b334ba51393b84e5c3c02d3cb4b49bf99578fe133b5f9216077f08b7d5ab507b248546bf202ca7b352b33bd8e1ed0b60eaa0c62fc378fd936ab840cc99d60651b916f955e351912bbb38980b5f36cf1f655daed81ed2dfea13ee59dd29c95b55012fa44b479ccebb7898c47785ebac3c7b94cc7c647b8a10e26aad9925422780a457b0e9fe4959ed2090d146aea7b4001c7efb723c735e59a634554b35434eab61c311b1c3539a7585b68f111a9864f633ce9b894104e41682b022942414001244a0a1029249284104506ab166b2bea10da6d73c9c834127d8836906c40880b61a2f9beaefc6ab9b446cedbfc0181e2b4d60e41d969e2fbf54fdf303f4b63db2b34f8ca51d6fe45d1a1391e52d6ea19ee5ecdc9ca376c36707021a2789127e6ad53d1b46934f454d94c80716b5a0fbb152d9dbe408f4483ddafd92b057e27daa492c8d14e97266465ffe6c53d169770db0a3a45bacabb4aa6cc5626f6340dfa2a5f47562f944027292770415d92e57fa2a5f44deac9a6ef45de05021db1de053f2cf617996e57fa21da83ac876ab33c52bd285a5b06e3ac562638364f58cfbe06396d4fada24ea98db98f14db1e912d6dd2c6b802eda0e249cd5ca5a469e70e613af13ed6e2ba74aa50945279992a46aa9368e554a24607b970b951a105ae81661d2b25d45c76eb613b0e5e0752d56947de682c21d8cf6a4c463866b90eac6f0e208ef54d67184bc2f1591641394713c8ed3c90b5b04f445c36b1cd77b019f62e3d6b3b9861ed734ec702d3e057bbbdb0e3c70e071085a6caca8dbaf6b5c0fa40156478f6ba908f865a33c161085ec76be46d92a7f0830eda64b3d830f62e25af9b761fb2ace1b9ed0e1e2215f0e369bcf02b7c3c91e6e426ad5690e42daa9c96b5b547dc763fa5d07c2566ab5173096b816919820823882b4c2a467d2ca5c5acc8924e49380edf236c6cab690da8d0e6dd73a0e5222276e6bd5b47d16b7068038085e55c8aa916b66f0e1fd24fc97abd8b6ae4f1cdfb4b7636f0c9729d0081088448580d255b50eaf80f6a3a3cc120e47029f55b971fdd31ad829e390b22b9a575c5a751f11a8f82b340c292df4ef343c66ded7abb7bbf75568bd290e89729ac750071248688cc9004c8dbdeaa35cacd9ebdc24c5ec2338d6ada1251a89b166af168e87d39870e918775f6fc8a2db6b27ed19dee6feeaa3f48ce74c18cbad87b9435b493702eea01845e11891120b6372ec46b5393b2663706b3475196a64c17b7743c14fbd98efee5c3af5e9540d96878067538ebda027f4947ac45113aa58ccd1956845d9b448c2f95ca94dd89df8a7830a3a420fb13dcb80f33a023520ec2310a2b48973635c1f6e23c651a8a2b0b8bab5dd4c00f79443a166d3da3ddee08b536a9c49de9ec6a8c459061248a48844725e7bce8b3ab44ebbce1dc403f25e86b05ce9b7c9523fcc3f03bf65ab85f788a2af4b3ce6124125d9309d5e4a1fadd2e247f4b97ae584cf0d4bc87934d9b4d2dc49f0695ec5a3e99007f857278feb5e46de1ba4e8b02704d0115cf34dc8aa448e29b55a9d50295cd908a7604b10595f182a95e8dc740ec9c5bfb7729860a77343db1af307614d90a5263958639541860702335331e80494a32dc9cc6ba4ce33ba32e09ad72551184dc1dd025152c18e70640b8c0c8d8491119426a2c28152737377618c5455910174394ae2a1ad985203824186d574024e412d114e18ea873799eed4aa569a8f14c659bcfc975ea360068c82658b166ecac55f3959192aad12e2ac00a6a1c92094d841294483c0586e74dbe429eeaa3e17adc07ac6f39e26cc3f11bf35a787f791f329aabc2cf2d492849768c06979bdb2dfb5491218c27f31200f612bd7283602c0735b47ab59ff0079a3c013ff0092f400b8dc6caf51a37d056892044a4d08dd588bc8ded52b310816a34b620c84351a9532a7a8c55c884c9dd0a1b5d0bdd61da198da1530e5d1a2f55adf668ebb723da0356f453d1810ca2ec14c460ab5188569b0831ec31a112886e09b0812ccaf69d4a1b5da6e801b8b9d90f9a7691aa1adda4e006b254ba2b4799bf53171f66e088725896345d8fa36de3da3892a61aca96a95154c1a53a56450ddd95a8e61582a2a4d823829de9116b18e082790816a61468595e7228cd8dc479ae613c2f01f35ab0172396146f58ad036527bbbda2f0f72ba8bb4d3ee575160cf114914977ac613d339b16fd59fbea9f635816d9ab23cda8fa98fc47fbfff004b5ad5c1e25dea4bccdf4ba112828829a9cd59cb2e3a5301c422135e812e5885039aa60704d2105804ae302add274e05567b51a6f45ee028dbecc6999693733c3cddfc3ddc142dac7395de6e231590d216aa6c7bc31e1904801f85371fbaef371ee30ac8e3831713aedae76aaf68b6dd374759e7b2d1995cba3697b9d70d5a6c2480248bc4019b5b3249c70d50b45a3745b598897139b9d893bb70dca4972e614fb91e8ed1c66fd4379dec1b9bfbaeab8c0844985194a902526c6a65a3b3de14cd6a82d47103bffcf145b16288d8715315130295c12c47931929129424530b7002b9fca11365b40fe4d5f81cba0aa6981f57adf8553e02aca7d48593c0f0794532525e88c181eb1cdc8fa9337bea7c642d73060b33cddd28b152de6a1f1a8e5a95e7788f792f33a10e94008a4112a91c01221149020291c2148a119a94151840e0a38523d50ad6a9374779fd94482737957a59f4e996d1ed1c0bb501adbeb1ff0031596b3d36d6687b7b420dd304873711138070df81060e0646d5d676904384b48323bc2c15a6896d570a6ebaf69204e551a0e1236edf94ad14f0cb06bf98852c2c6968694656aac75a08a756982c6bc3594e9f5819ea86435dd6383bb977b44d72cf26f2e318b1c63169c9a48c2766e58eb1da1af815e9b9aeca40267702312376238aefd9acd49a3c9b2ec6b3da99cb0c80d884fc4ef2bfdd7a315a49591a5762906aa762b56a7771daaf2ad95d84153a87ac7fcdead92a9ede2958d11cd521c9318a44639025991848848a298030aafa484d1abf86ff0084ab2e50db4792a9ea3fe129a3d480f23e7e9494528af44738f6fe41b22c343d527c5c4ad02e2f22ff00fa5678ff004dbffbf6aee5d5e72af5bf3674a39202042742442ac61a9229150231c8b5d84a4e0a3b939a841955c5dc3deab55a50ee2ae96a8ab046e1285bedbd15273e2481d51312e24068f1580b456bef37fae5ce975dc1cd76d68e1186e5dfe59daa21a0e5881b5e4403dc24f7ae550b1d2631a1c2f3cf644c6399327b2d1b7e655f4ec95f5658b23a566b63436e32d2ebee0035a6980f035f5889efcd5ce4e5723c9bf369b8671eb0c8cef1eedea958745b281756abda8c01f341c660e3b00071d6713023639d75af021f5ab07346c007567c1be2a349cb957cf0cf5c84d2ecd8dc566cb68230765a8feea0a6f90a5a74e4ee54dc468bb51d84aaa836620e3bd1252b0a448c4e2506e48909908c638240a7393611201c145691e4dfea3bdc54ca2b40ea3fd577b8a31cc0f23e754904577f94e758f74e413a6c343d523c1c42d09599e6edd361a5f9c7fd472d32e056f792f3674e3d2850822815584082280502041140a84028ea290aad6ea90c71d8d27c0288879fd51d2d57d67f65ae706ce50d39fb07780352b3c9ba3d2d6e95c3aad20341dd8b47b6f1de5be8a65a981ce1429e4203b60803abbc0ccfe51ad5bb4f50368539bcfce0f5ae93071f4dc644fac752d0db6acb06f2ecb72dc16792fab24b5d3fa45a08ce930ccea7e627812081c1c76156acace92d2001d5a4083b27377037ba31f91ca7b73459a980d8bee19c617aee263d0634783404ca1f56a37bcf744076778f643b8759c77971497c3c2bf2c7f562db7f37fb1d4d1f583ef7dd7b9be0575836060b3bc9ea45ad20ee7e504de199daec24ef2b42cc92c924ec8ad912109ce4d48125627b9369a2e29d6423cc08145028050d51da3b0ff55dee2a42a1b63a2954dcc7fc253473409647ce77924fba92f4673ae7b5f3687ea34fd6a9ff0071cb54b1fcd81fa981b1f53df3f35af5e76bfbd9799d1874a0a694502aa1c6a491414206534a2915083495ccd3ef2285420c10d3073c7518d7c174cae7e95fb33ddef09a38322cce050b20b3532e789718c3ce249eab275924924ed27500ac727acbdab455224cb813800231763aa040dd27ce28d4a1f4bad388a4ccb6381c09cb376436364e6e0ac5b09ab5050a58341eb989692d8304038b5b2d246b25add653b4ddd3cde2decb62cba5964b2eec365a66d154d52218d80c11f99ad23c1c7f28d4552b4797af1fc3a7e0ec61c7bc8ba3735fb42e8e98aa29b594294de7000c76834938cddedb8989e2ed4aa69070b3520c645f748040c2631746775ad0206e68d6a26de31d708aedb8be7e6cb7a36d81f56a0f46e89da71bddc32e20aed59cea59ed056614ee83da7024ce632813ac8d675924eb5a0a39a57ca9da390b2bea3de1460299c146d18a562a7812809ae4e728ca204148a4522a040555d23f6357f0ea7c2559505bbecaafe1bfe129a3d4812c8f9f124125e8ce69ebbcd63bea8edd55dee695b3588e6a8fd55ff8a7e16adbaf3fc47bd9799d1a7d2809b28a0a82c120924a10482492841a572b4f522fa2e60cde58dce0759ed18eec5751cb9da5ed018c0e82e8730c37330e1804f1bdf0261a86d968166a418c82f74c1876780754207700dd66eb426d9c0b3d22e7cdf7110dcdd24f569031da25c493b49392e368fbcf26bd68da0eac2608938306adb8b8ea8652aa6d5564fd9332075823dee1e0c3b5c9b956316fbc9efd86b6bf23a3a368dd0fb45570c65c09caec62f1865180fbb8f9c551b34d6aa6b3c435b831a7541903ba038fde81e627693b49af54516761a7ac4445e6c7886c8e2e81902a3d275306d9e9eb00384f9a726939cba09273ba1c7622aedecdff008c4982f25f564fa22b9ab69bfe600e633bc5e9e26e83b806fa4b56d18acc599cda4fa54c625ce24eac2082e23792001f20b4f4924b16ad9682cbea38942984d9c53c9c10104e4d292450085029c814c41a5416dfb2a9f86ff84ab05416dfb3a9ea3fe12a47340791f3bdd491497a539d81eadcd31fabd5fc5ffc1ab74565b90562e82c8cbc0dea9351d863d6c811b800168cda06c77e93fb2f3b5da7524d6e7469c5a8a254d299d36e77e9281adf75dfa4aa0b2c48828be90363bf49fd91fa437598e208f7a84b0f49005244035cb9da5290780d7620bb1194dd6b9d07760ba2e5c4e51b1ce6b5ac9971331e8dd20c9f35b88939c603129e2afad828e2daad06d0fe8e9fd98ed3b30e831276b011979c46c054f6cb4f46051a537ce6462e6def3b7bdc66277938042b3db67a618cc5ee123bb0bee03268c00037019a934758ba261ad549bc6492712278617ce02065801962d78db2f0e8be27b8f8faebd84dbb65a5902f76004e0480486cfa2d1249f58eb4cb0d31498ead54cb8e32475bad1abd274370d42e8d453acb667567f4b5000d1835b23000f677e20171d640190c60aa4da6a800f9266320c49c41703b4e21bbaf3b6236cd37de4ff405f55e9fb93689a45cee9ea665cdba36637703b00240db2e3ac2d95258eaf5af5565267669b985d070ea9690dc3534477968dab614f24257766fd16cb42b96c48e098e29f29a062918a844a29a7346540841493414e6a800155edbf6753d47fc254e157b7fd9d4f51ff094d1cd11e47cf31b914a125e8ce69edfc97b61a942899996b4b8fdef3878ad237258be6e5a058d91add509fd647c96c1837af395572cdaee7522ef144a534948a455230d9427029129b5bb27828120a3d91c13c14ca590e09e980c6b972b4bdb053049c4963835b3126f30e2ef35a00249d41755ca85a2ced73ef3c88a6d260e524820bb70bb3c403a91f0fe2c88af7c0e568db0ff001ab103ce97080001da20e4009869cb12713858a344da6a4996d261c01c0e5afefb87e91bce0c6bdd6a786b4c516c3898cce61ce073dad69f58e100d9d2ba54526f414075e2240bc597b1c27379c4e3962e3b559e2e6fccfe5141c2ddbee52e50daefb859e881e8be088000134c40c00199d4206642af6978a0c14e9f6ddae0489805f03b806f01a90696d9d979dd67bb089ed1c4dd04ea124971de4a561a3766d158e3da93300640c6ac0c3467076b8a31e54bf2aff261c6fdfec8750a6285313db7b9a2264cde989d6002e713acc9dcb58d58ea14dd59c6abe435b218d3aa318e20804ef006a2b5749e635a13cf1cf5eddbd0adf6c8b05c613a0a85cec0ab00a42244374eff00627471f14f0504061a07f927f74e037244252890400d81476b3e4dfea3be12a40557d22628d53fcb7fc25343342cb23e7b493aea4bd19cc3d4f9b7b4b5d656d31da639f7b3f39c5c3d87d8b6e1a42f3fe6bd9e46a1db57dcd6feebd11a579fe257feb2f33a54fa500a1794ac612600938ec1962649551c0b61dd52d7189699037159ed85c72428563d43c13ca8ed1d98db8288246cc82210a792488181cb3da71cf7bc526c00f0d2fded0e767f7768d6606b2b42e5c1d396c1481740bc61ad180922f1c4ea68bc49dc13c5b4f0577a112be64168d2068b051a58bdd049cc804c5e77a4e2721acec00a9347597a061ab564b8e1adc65de6b7d2712313af700154d0764ba1d5eb1ce5c5ce07007098d44e000cc0819cab6e79a92fa821a25ad6ec1105bc7d277e51ad1b2b357c3f13ddec86d72f25b1cfb252355e6b5580c1d91aa3381f764493e711b062e6d5369a9848a4c8332449d4ee3e8eced7a2abda6b1b43ba364060ed3b518c3f48ca3ce38640a75a2d05b14284c9ed3b58271cfd2389dc31d8158af75863a2f856ec576f4fb93dbabdf3d0518800b5c4600003b0370c24f019b96be962d076ac84b2cb4e00bd51c3c48dbb1827fe495acd1ae9a4c27d11ee4aed6f0e5befbb1679e39fd87b94b794751b827962ac2817922e40352850217128228c2840054f4e3a2cd5ceca354ff4395c2b9bca67458ed27f9357e072b29f52127d2cf11491497a2c0e6d8df735f57c9d56ec783e207ecbd1185796f36153ca556c8c5ac206b305d247091e2bd39a38f8ae0718ad559d1a38c11618ec7118620f038146a060616b06641bce8917460047cd424f151d2adbd66e676b0fcb8dc99a557a952f3c0d8246fd4a70141681d769dc4208741a7924830a529856072ce5bec3d257beeecb44019cbb0765a862276c0d86744e2b3d6cb2d5b43dd4e990d68c1e4e3235cc1eab75466ec861253c79b1b3b77d9130d4e6d4aeeb454bad24536199073388be0edcc37bdda9aa3d2550b88a14b08eaba24401e66e81893b081990ba16fa2db3b05263e6a3b63711886df3be7aad6ed8190513acb4acd4af12e351d8448c5c71ba1db0624bb894cad64d2c3f0addeec6fe3fd882b566d060a6c82f777fddbc47806b780468546d9d979fd67ba4660924e25a0f74976ed80042c763631aeaf564989c73ca243769c8375020664a7e8cb10a8fe96a801a3b23031072e02313adc363449c1277786af77b206abe9dbb8cb0b266bd723689c0340cb801a8779c488d7688a9349876b41c73ef598af6cfa43c3290229320831127fd43b4fa20e58bb62d2e8a814da06a0078212beb9edb2165961ff4bce38274a89c7052155b04405028942541848a094a20012b93cac7458ad1f84e1e221754ae272cdd161afea81e2e685652eb5e624fa59e392923282f418180d573680fd25c624066276758478c1f05eaec2bcbf9b1a83a4aa35c30f77587cc2f4d6b970f8df7acdd43a07d479009024e4371db1ad361ceeb5526fc811876437198cb1881c53ef24b25f02d1a0119286d67007611f353ca86d5d93fe6b0a2cc284cc912a3a6701c13e51031950acf5bb4f1a3e4e8805eeeb1112039fd60e74769d940ccc6a0bbd59d81590f27676de76350cc019e3890d9f6b8f7c0809d28bcf1edb915ff00d92d945c9ad5ddd6cc92418388931e7412001809204c9263a1e5ea748f10d6e0d69d4079bc660bbb9ba8aa6293ab1e92a9868c434480386c1f78e27540cd956d66a914a888644176205dd82326efd790daacb36de38eaf48a0e1e9f565d7bfe91561a62933199ed1f4871c437bdde8a7690add23859e945d183f6611d4c3cd0227886eb552d569e880a54a4bdd991989f3a3293180c846c08f482cec8106a3b212756fcee892673249d6544b2b2fed5fab23d6febfb17ad7585268a54a4d4766441709f3cfde3a87c82d2e866114980ea6819ce5867af2cd636c87a206ad424bddfaa4ea03d23b350c3693add0354ba8b098c44e06467a8ebe28358618eef77fe859ff001763a4ec93dc142ec9492ab644294894094250206522536502e4483cacff002e9ff51adf93fee35776f2cdf2f9ff0051abbcd31ff51aada3ef23e6254e96793a484a4bba73c92c76ba949d7a9bcb1d948d9b1766cfcb1b637f8b31e935a7e49249254e12ea432935932fd2e702d433149dc5847b9cacd3e722b0ce8d33c1ce6fee924aa7c2d26fa46f6b3dcb2ce729daece3baa9fec4aaf38f2d23a0c60c794c27579bc12492ff0047476fab0fb69ee71e9f2e6d404792fd07fb94ade5f5a7d1a47f2bbfb92493be1a97c281ed27b8f3cbeae7034e9775efdd73e8e97178d4a80bcea102046584fb3bf12924925429c72562ca7524f3271a48d73d696b079a20cf19cfddb94d534b86f529360eb71c713afef1de524952e9439b96d82d0bd4e5cbcdab24a7686d1697b8173cebde77f849ff0084cb2daa49ad525c7501908d83dde2924aae54e3cdab76f42cca56d95c54ad1d33afbfb2dc1ade235fcf6e5967699cbb752ea3688701304bee9f00d2924aea746129b8b582c8a6acda827b84f38d53fd067fb87fb531bce2d6d74699fcce1f2c524969fe928edf733fb59ee42ee706d1a99487738fcd42fe5e5aff00963f21fee4924570d4be103ab3dcaf579696b3fc468e0c6fce540ee55db0ff001ddfa59fda924a7b1a6bf0a17da4b7237729ed67ff00d0ff00e91ee0aa5af4a56aa22a557bc6c73891e192092754e0b14911c9bd4ab292492710ffd9, 'this yelow shirt for man'),
('Shirt', 'shirt42R', 'Red Shirt 42 ', 500, 450, 'piece', '42', '200g', 'red', 0xffd8ffe000104a46494600010100000100010000ffdb0084000906070f1012140f101410140f100f0f0f0f0f0f0f140f0f0f0f1414161614141414181c2820181a251c1414213d2125292b2e2e2e171f3338332c37282d2e2b010a0a0a0e0d0e1a1010172c241c242c2c2c2c2c2c2c2c2c2c2c2c2c2c2c2c2c2c2c2c2c2c2c2c2c2c2c2c2d2c2c2c2c2c2c2c2c2c2c2c2c2c2c2c2c2c2c2c2c2cffc000110800ed00d403011100021101031101ffc4001c0000020203010100000000000000000000000201030406070805ffc4004d10000103020108040a05070a07000000000100020304110506071213213151712241618114233272829192a1a2b1424362b3c13334547374c2d124355253638393a3b2f1172544a4c3e3f0ffc4001b01010003010101010000000000000000000001020304060507ffc400371101000103000705070304020300000000000102031104051321314151126191a1c122327181b1d1e13352f0154272f11423536263ffda000c03010002110311003f00ee2804020100804020f8f8ce5450d1dc544f1b5e3eac1d397b3a0db9f72ad55d31c65d56342bf7f7d144e3af08f1968f8ce776300b68e1739c2fd3a8e8b3670634dcfac2ca6f7487d7b1a8a78deafe51f79fcb43ca6ce0625563f2a61682086531742dbf1241d23de6cb39ae6ae2ef8d5f62c513d8a733d6adff008f262e179c7c629c8fe50e91a37b6a1a260ee6e3d2f7a45754737257a15aab8d31f2ddf4dcdae8f3d552078da685c7acc723e21ea3a4adb69e8c27545b99f66a98f3fb33867acfe85ff77ffa94ede7a799fd163ff2797e54cd9e997e852463ce9dcff93428dbcf45a353511c6e4f87e5f3a6cf16247c98a91a3abc5c8e3ebd3fc146daa6b1aa2c75abcbecf97599ccc664dd308c708a18c7bc827dea26e573cdb53ab2c47f667e332d7a6c76ba47891f5350e91ae05ae33bc969fb3b7a3dca999eae8a6c514ee8a63e1886e587e75b128ec1fa9980dfac8f45ce1e7308dbdb65a45daa18dcd51a2d79c663e13f7cb72c233b94725854c72c0eeb737c7c5eb1677c2b48bd1ce1f32f6a4bb4fe9d515794fdbcdbae158e52550bd3cd149b2e5ac78d31cd9bc7785a45513c25f2eee8f76cce2e5330fa0acc4201008040201008040201008359ca6cb8a2a1bb1ced6ce3ea22b1734fdb76e677edec54aae452fa3a26acbfa47b5118a7acfa7572cca1ce06215776b5fa888fd5c04b5c47da93ca3dd61d8b9eab954bd1e8daab47b1be63b53d67edc3ead41dc78ef3c4aa3e8934911963cadeaeaeae48c6ba7930cb6c8e4eccc6e3349ec45a265f6f01c1bc2848ed6471088c6099038e917e95ada23ec15b59b155e998a5cba6eb0a3448a66ba78fa3ed4d91ad64324baf2e74714d206c74d268131b4bb6c8ed806c5ad7a1d7453354cf071dad794dcb94d1451c6719fe47ab5100f15c8fbb1133cc680ed43b30968b226231c0c11683a2c98e4734873490e06e1cd36703c411b942277c625b964fe73311a5b3647784443e8ce4eb00fb32efbf9da4b4a6e550f9ba46aab1777c47667bb8787db0ea19319c1a1ae223d230ce6c043310348f063f73b96c3d8b7a6ec4be1695ab2f58f6b19a7ac7ac36d5a3e7040201008040201008399e71f2e1ec73a8a91da2e1d1a89da7a4d3d71c67a8f17756e1b776172e7287a3d55aae2a88bd7a37728f59f4872873960f48471442b714410a2a478bfe08ad5bd448cbf3463551953b918f07d8c032867a22fd488ceb5ad6bc48d2e1d1248b588e255e8b9347073e95a251a4e22b99ddd19f5796f5f2b5cc2610d918e8dda3036e58e05a45cdc8d84abd57eb98c30b5aaacd15455bf31ded7da162fad49c045f00fb9112908b419128442422439d6426ac3b4669b2c8d4b7c06a1d79e36e942f71e94b10ded27adcdf78e44ae8b55e7d99798d6da0c5b9db5b8f6678c749fb4ba42d9f1420100804020106bf9738f780d23e5691ae79d541fac75fa56fb2013dddaa95d5d9877eadd13fe4df8a67dd8df3f0fcf0700927da6e49713724ed249de49eb5c8f71988dca5e889269220a5021454a510521113052c07b5159a627897523b514d9c2445dbee45bb1de70d1fee8b444209e1b7e484cf40022220c8b04108182255d41d96452ecee646115efa7963a88cda48a46c8ddb6b969bd8f61da391299c6f86555b8b944d15709dcf50e175f1d4c31d4466f1cac6c8de362371ed1bbb976c4e6330f1376dd56eb9a2ae30ca52cc20100804020e199cfc74d5563a369bc34ba50b2db8c97f1aef58d1f43b572dcab32f67aa745d8588aa7deab7cfc3947afcda53d66fa52873b672d886480a213740ae424a5154202c88164302dda50c0b04310100804020104844a89ddb918dd9df0962269764cc8e365d1cb42f3b62f1f0eddbab71b48d1d81c41fef0adacd5c697c0d77a3e2aa6f473dd3f1e5e5f47515d0f82100804020f8396d8df815249283e35c35507eb5d7b1ee1777a2a95d588776aed17fe45f8a67846f9f847df83cf521ff00e3bd723dcc95e1112c589d72e1e6fbae8c69ab354c2422e944a0a2105108440448402094108808040201045d063cfbfb11cf73de5ad08d61b0e42e31e075d04c4d985faa976d86aa4e8b89e570ef454d338aa25cfa6d8db58aa8e7c63e31fcc3d26bb5e24201008041c6b3b58cebaa45334f8ba56d9dc0ccf00bb9d8688f69735dab3387afd49a36cec6d278d5f48e1ebe4e7ce372b27d700a0c6d1b4847518c9f89a8c385dc777ac26c8d00401424a8a8402010089080440402082502928acc808428976badc91857bebc2f08dd2a12f49641e2fe194304c4de40cd54b7dfad8fa2e279d83bd25d96eacd2f17ac2c6c748aa98e1c63e13fcc360577184020c1c6f116d2c12d43b74519701fd276e6b7bc903bd455388cb7d1ac4dfbb4db8e73fede71ada8748f73de6ef7b9cf7bb8b9c4971f592b8e77bdfc5314c4531c23747c218ad0a0856e76d444c9643d3e4c23ded45271dbf94fa20845908841444a1108412804020112110844044828892145435130a983a44f04634c7b732b9a8da1289752cc762fa324d44e3b24689e31d5a6db35e39905a7d15ad99df30f87aeece68a6ec72dd3e9fcef7605d2f36100839ce78b15d18e2a469db238cd20fb0cd8c079b893e82c6f4f27a2d416335557a796e8f8cf1f2fab90bcae77a52928863bced4673c4a5dd3e60a2b33ff006442e723520454ae44494a2a84128242260140208411744242250e4449515081231e51fb56f7233a3fba7bd6f5236e4944bea64ae29e0957054ee11cadd3fd53ba327c25ca6271312e7d26d6dacd56fac79f2f37a701bed5daf0c94020e099c6c475f5d3106ed8dc2067608f61f8f4cf7ae5b939a9ee75659d968b44739df3f3fc61a938acdda871444a890a33aa55b4de46f23f248659cdda7e6c97a3a24a1105722248515404424224ed45a01410882b8a2250d4441d16239159404404090ed1e93be76452d6f8f9cad251ac98a2c550abd239bfc4fc270fa7949bb847aa7df7e9c474093cf441ef5d96e734c3c66b0b5b2d22b88e19cf8ef6c2aee262e2b58208659ddba289f21edd16936f72899c465ad8b5376e536e39cc43cd756f2eb971bb9c4b9c7acb8ed27d6b8dfa14c446e8e0c3728564a0a218d23b6a30aa77962fca37cd77e0a63833a7f5a9f84fa32e450eb90c08411e8acab28a008251276a2d00a128442b7229296a260e8b10a2a5455289574e7a239bbe65259d9f723e7f55ec08da984bca26a2a21d8731988de2a8a53f42464ece4f1a2eb722c6fb4b6b13c61e775e5bf6a8b9d77787fb7515d0f82d373ad5daba1318df512c716cfe88bc8eeee85bbd6776714bec6a3b5dbd27b5fb6267d3d5c3e575d72bd7cb124723399525c8cf2adc8ce78a203e30798ef9b54f25289cdf8f84fd6198f50ec94b7720a9e8a54aca2890894a256045e014088a2b28a4a5a8983945ca51529444a50554de48eff9a4f16563dc865b423aa09bca29c6475a1cdba6686bf5388b187754452c2785edac6fbd96ef57b538ae1f375b5bede8d33d2627d3d5df575bc8b95679eb7c641083e44524ae1daf706b4fc0ff005ac2f4ef887a8d416f16ebb9d6623c37cfd61cb1cedeb07dd62ca519572428a490945265149e593c1bf323f829e4a59fd5cf7338a876a020ae4452a548a250335130b02340e4255a28428a4a5a8983945e485150511210252ee1dff3496763dc864a3a4ad4560adde888e2fa180d5ea2aa09af6115442f2777443c17775ae91389cb3bf476edd5475898f27a89773c1b81e75310d657cc06e8f57137935809f89cf5cb727da7b5d5746cf44a3bf33e7f6c34e7159bba6543d1955c0bd48af22145259ccc3cb218ea0dfc7c93b1a3ab462d5ed1def70f454f45347ab376b8e911ea82a1dd206e4153d14a888a040cd45a16045d0e44490a28aca2b266a260e516214541424ae2a278225f572830d14d50f89a2cc2c866670d19636c9b3b01711dcad54625c9a05ceddbdfc62663cd85d4a1f47917a911c8b1a2b4f133bad44adcdea2c0aaf5d4d04dfd6d3c3277b980fe2bba99cc44bc15fa3b176aa3a4cc79bce39553eb2a66946e7544efee748e23e6b8eae2f7345134dab71d223e90f90f954155652eba226730508ac1e281d239b1b0173dee6b18d1bdcf71b340e648456b98a626a9e10e839ccc25b45161d48db1d5534c1c46c0e90b985eeef7171ef5a5c8c621f3b545d9bb5ddae79cc7ab462b37dc082a72339568a8441da8bc2c08bc20a2255945088a19a8b41d16222a102bd44ab2e879cdc37c461b5a06c968618243d5a4d8c3e3ef21d27b2b6b91ba25f2355dcc5db96fbe67cda19593eea1c88944488a5277a279bd119b2a9d66194c4ef6b1f11feee47347b805d56a7d8878dd6947674aafc7c632e0989b087bda77b5ef69e61c47e0b99ed22734c4f73e6bd9feea18d54aa24b77eee3d48cb334cef3828bc3a3665f27b5f52ead78f154bb23bee754387eeb4df9b9ab5b54e673d1f1f5be91d9a3671c678fc19d9f3778fa51c2194fade3f825ef7a0d45eed7f2735593d007142553d14922280210b1a8bc1d172944490a292428aa5a841d17414421105722b2efb5d831aec0a189a2f28c3e926878eb59135c00ed22edf4974cc76adbcadbbfb1d366be5da9cfc265c1afb972bd74a49524a1aeda8889de926e8b672ee7996a8d2c3dcd3f57552b0722c8dff3795d1667d9796d754e348898e74c7ac7a394654d3eaeaea59bb46aa7b79ba64b7dc42c6a8c4cbd3e8d576ac5157feb1f47c672aaf2adcd4566954e65b77a9194d18e0f4a66f709f04c3e9e2b59ee8c4d2f1d649d320f2b86fa2baedc629878ed32eed6f5557cbc1cdf3e327f2c81bc2934bda91e3f75637bde87dbd471ff005d53dfe8e78164fbc0a0adc8ce488a80842c6a34832250510aca2925455211306458140a882b91497a7f237f9be8ff0061a5fba6aeca3dd878cd2bf5ebf8cfd5c1b3858478257cf18168defd7c5c3424e9587603a4df4572d718aa61eab40bdb5d1e99e71ba7e4d7885577608ebf77008a4e52c44d2e939b8c54c34cf671a973bfcb8c7e0b4b738897c8d6567b77627bbd65f373a54c5988cfc24d5483918da0fc4d728b918aa5ddaaabed689477663cfecd38b551dd82145648e4525dfb3418abaa30f6b1e6efa691d4fb77e8001d1f706b80f4574d99cd2f25ad2d6cf48998e7bfeed0b3dc7fe611f650c5f7b32caf7bcfada97f467fcbd21a1b566fb700a0adc8a49422a1a89858d45e0c8941444ab28a4a1100210645820528ac94a2b2f4fe46fe6147fb0d27dcb17651eec7c1e2f4afd7affca7eae799f5a466952cd702422688b6db5cc6e8b81e40b8fb4b1bd1be25f6751d533dba796e9f9ff3e8e53658bd0ab2119e121130e899bdc15f514ef7b412054399b3b238cfe2b4b74e625f2b585f8b77223bbd65f433d945a33c13f5490ba23c2f13b4bd7697dcad7a37e4d437336aba3a4e7c7fd3993962fb7257a2b2a4a339747cc862863ab9694f93510e9b76fd6446fb079ae7fb216b6671561f175cdacdb8afa4fd54e7bff9c63eda188ff9b328bdef2752cffd531dfe90d12eb37ddca1056e467284425a8983845e0c89439112a9140880108322c10294564851597a8323bf30a3fd8693ee58bb28f761e2f4afd7affca7eae4f9e7c43595cd841e8d3c0d691c2493a6ef8756b0bb39a9e9352daece8f35fee9f28fe4b9f90b27d6c11c8aca0221dff3414babc36375ac6696694f6f4cb01f546174d98f65e535bd7dad2663a4447afa933c141aca1d68df4f34727a0ebc67fd6d3dc97a3d9cb5d4977b3a4f67f744c7afa385bd733d64ab28a90a292fb39115a61c42924ddfca63613c1b21d5bbdcf2a699c550e2d3a8edd8ae3bbe9bdb467d196af85dd46898df66594fef2d2f717ced4d57b131dfe90d002c9e8125056514942212d44c1c22e944a1c8892145108840420c8b2502b91592394292f50e477e6147fb0d27dcb176d3eec3c6695faf5ff94fd5e7dcabaef08aca99af70fa89344fd869d167c2d0b92673332f67a25bd9d8a29ee87c82543a255128ca65214261e9fc94a230515342763994f1078fb7a20bbde4aeda2314c43c4e9773697ebaa39ccaec768054d34d4ffd6c32307638b4e89ee362954662615d1eeecaed35f4989798a4eddfd63815c6f7d2ad152391492b5e5a439a6ce690411bc11b4150cea8898c4b7fcf0560a8387550fafa232722745c477692daece6225f0f55d3b3bb5d1d25a1b564f4109289222a84425a8983845e1282094449115422004212894a24ae45655b919cbd1f4388f83e0b15475c78540e6f6bf50d0d1deeb05d59c519ee793d9ed74b9a3ad5eaf3d2e587b6923ca2952b451f4f26e83c26aa082d712cf1b5c3ec690d33ecdca44666219dfb9b3b5557d227f0f51aee786083cdf97941e0f5f5316e1ae748de1a3278c16e5a56ee5c75462a987b8d0aeed746a2aeec786e7c055752b7229242114987dfca3aad65161973731b6be13e8cac2d1ecb9aaf33ec43e5dba7b3a5d7df89f27c26aa3eb418a24a884220c11683845905100a1244414a2b202220c1160892b914956f46757075ecb3c4f5781e1f4c0f4aa69e92e3fb28a2638fc5ab5b573ec443e3eadb3dad32baff006e7c6777ddcac958bd14ab723392a21d1b32784eb6adf5247469a3b34ff6b2dda3e10ff585a598cd59e8f93ae2f762cc511c6a9f28fce1dc1753cc041c6b3e187e8d44150374b13a3770d288dc5f9878f65735e8df97a7d477736aab7d273e3fe9cd164fb6428a490a2925a8a9716c711f21924b20e3a5208c3beedaa79392e538bb15f763c3fd9daa1d94991641442021066a260e8b111549289414410a2b20222121164a05722b52990a31aa5b5e54e27ae6d1c4d37653619451766b0c4d7bcfc4d1e8ab553998f829abacf628aaa9e355533f2ce1af955772b2519cc841e84cd4611e0d87c6e23a7524d43f93b647f0069ef2ba6cc629cf5794d6b7b69a44c72a777dfcdb8ad5f3420d233bf86ebb0f748074a9a464db37e8f90feeb3efe8acaf47b39e8faba9eef6348eccff007463d61c19733d611c8aca1c8895138d97e0521cf763767a2c8cec46b44ee3a2e82825033516804a080884a250510428a48082422612892b915a98efe0379d811cf5efdd0ce02c2dc0008ed888a69c42a73ae8ce6720042219d8261ceaaa88a9db7bcd2b23b8ea04ed7770b9ee4c6772b76e45ba2aae79465ea48626b1ad63459ac686b40dc1a05805dcf0b555354cccf13a2020a2be91b345242ff2258df1bbcd7020fcd44c6630bdbae68ae2b8e3139797310a474123e17f97148f89de734907e4b8b83de535c574c571c2633e2c672128ea447223db7467546630ae128a5b9dcb82364844c040c11642212890820a20851490104a2528923d14a894edbbafc36f7a296a335e7a32253d48e8ae4a022b109289746cc960facaa92adc3a34d1e8b091f5b25c6ce4d0ef682d6cd39ab3d1f1f5cdeec598b71c6a9f28fce1db574bcc040201070bcf1e11a9ad1381d0aa8c3fb35acb35e3d5a07d22b96ec62af8bd66a7bdb4d1fb13c699f29df1ead05cb37d4920eb08a473841288952d3b4f346313ed4ae051b44a5164a0944a5128ba212894220851590884a242049114a8f4c2cdbf128b598c539ea976d28b4ef945d0ca50e2f43e6bf08f05c3e2b8b493dea5fc7a76d01ec067bd755a8c52f25ad2fed7489c708dde1c7cf2db568f9c1008041a7675304f0aa17b9a3c6d29f086712d683ac6fb373cda165769cd39e8fa7aab48d9691113c2addf6f379f647d9733d5d55614dd1966728288c2b3b0f34673baa5ed28de24e8ba512944a2e8801048089050568a04400824a254cc76231b93883b19603922d4d38a62137b22d99801c8454d8321b0135f591d3d8eac1d6ce7840c234b95c90dbf1729a69ed4e18697a46c2d4d7cf847c7f9bfe4f4b34002c3601b001b000bb5e2d2804020104117d8771d841eb41c033ab928ca0a81242dd1a6a805cc68f26394796c1c06d047323a9725ca3b33bb83d56aed2a6fdbc553ed479c7568a551dc9b224b20b8ed456b8cc1a2da8b51be17008da212821001a50c4a4044e1289439159259118422a1008954e6dcdbd7c918cd3da9c2e723692145256d152be69190c62f24af646c1c5ee2001eb28ad554531354f08def496476495361b168c62f33dad13ce6fa5238701f45b726c0765ee76aeba288a5e4b4bd32bd22adfc394746c2aee4080402010083e0e5b64fb710a4929f66b3f29038fd199b7d1dbd40ed69ec7154ae9ed461d5a1e91b0bb15f2e7f079a258dcd716b810e692d7348b16b81b107b571bd846277c1e9a96495da1131ef7dafa11b0bdd6e405d4a2baa9a63354e1f522c91c4dfe4d1d5fa503d9fea014f66ae8e6ab4cd1e9fef8f165459078b7e8937c23f153d8aba229d3f478fef864c79bdc61dba95fe94b137e6f4ec57d169d67a2c7f7f94fd96b736b8c1ff00a6b769a883f07a9d9d7d15fea9a27eff0029fb3223cd762c77c718e73b3f0253655f45675b68b1ce7c1971e68f133bdd48df3a579f94654ec6b673aeb478e557847dd9b0e672abe9d453b7cd63dff3b29d8d5d594ebcb7ca896533330efa558079b4b7f9c8a7613d549d7bff00cfcff0cb6e6660b6daa96fc444d03d5753b0ef653af2bfd91e25ff008310fe952ff82dfe2a361de7f5baff0064788ff8310fe952ff0082dfe2a761de7f5baff647891d9978faaadfdf4ed3fbe9b0ef235dd5fb3cd53f32bc2b7676d25fff002a8d877adfd6fadbf3fc3e263d9a6aea73a54a454b3445eda30cad3b6e341ceb11bb71bf62ad56aa8e1bdd1a36b6b356769eccf8c349c430e9e9dda13c52c4e37b09637464db85c6dee59ceee2fa745da2e4668989f830ca265d1332b816baadd56f1e2e95bd1bee33bc10de766e91e7a2b4b54e6acf47cad6d7fb167b11c6afa43ba2ea79a0804020100804020d0ea3365453d64d573b9ee8e4903c5333c5334cb417973c1d275dc49d9a3bfad63b28999997d48d69768b34dba637c471e3f0fe6f6e787e1f053b0470471c6c1f4636060e66dbcf6ad6222383e75772aae7354e6592a540804020100804020100804020100829aaa58e5698e5631f1bb63992343da7983b144c678ad4d555339a6712e7f9579ada07c6f9a9f4e9e4635cfd1678c85d6172341c6e37751005f7159556a38c3ea68dad2ed354535fb51e7e2d8737584c74b410359b4cac6d448eb58b9f2007dc345be8ab5ba714b9b58de9b9a4559e5ba3e4d9568e20804020ffd9, 'this is red shirt 42 '),
('shoes', 'shoes', 'shoes', 500, 150, '100', '40', '30', 'Blue', 0xffd8ffe000104a46494600010100000100010000ffdb0084000906071413121414121416161517181817181618181715181c1e161d1718181d1818181c28201c1c251c181721312125292b2e2f2e1d1f3338332c37282d2e2c010a0a0a0e0d0e171010172c241c242c2c2c2c2c2c2c2c2c2c2c2c2c2c2c2c2c2c2c2c2c2c2c2c2c2c2c2c2c2d2c2c2c2c2c2c2c2c2c2c2c2c2c2d2c2c2c2c2c2cffc000110800c1010403012200021101031101ffc4001c0000010403010000000000000000000000000405060701020308ffc4004410000201020305060207060405050100000102030011042131050612415107132261718132911423425262a1b1728292c1d1f03353a2e11643b2d2f115546393a308ffc40017010101010100000000000000000000000000010203ffc4001d110101010003000301000000000000000000011102213112415103ffda000c03010002110311003f00bc68a28a028a28a028a28a028a28a028a28a00d6b5b562813e37169123492baa228bb331b2803992699b0bbdf867c4770ae3350564392331fb2a4f3b1f7d2983b5b938e3c3e1cfc0f219a51c9920b590f9191e3cba03d2aabc7e249626f515e8d796c403ccd81aeca6a8dd85da2e2b0e0233099068b26647a38cfe77a95e17b5b8321241229fc055c7e654fe5575164d155ae2fb5c805fbb8256f33c007fd57fcaa2fb6fb5bc4853c091a31f85492f6f32470fcaa68bc6f45ebccf85ed67692b867956451aa1450a6f9fd9b1bfbfcead8dd7df2ffd430e5a16eee65b078c9b8048cbcf80e763eb95c11560b02f45eab1c3f6888aed1c988883a31565938a120ae445e40aa6de44fbd3fe1b7b4bfc1ddbfec3ac9ff4134130a2a2b82deae31212bc3ddb156bdc7d90d7cf967f9572dc7dec6c77171c6232115b86e7885c904107a65f3a097d15a035b03419a28a280a28a280a28a280a28a280a28a280a28a280a28a280a28a280a28a28306b159a64de9dbab8644171c723aa2f90b8e36f617f722a2a0dda7e2bebf87a2afcb3cbf53ef55762e5b9ab37b5dc3959239393a943ea87887cc31fe1aa9f10d9d588d7bdb574efe9049885eb5c9b13d2a85ef89e94d98996e73ad5e63d6933b1a0c3b7b53fee26dc385c646d7f03911c9fb2c6c09fd9363e97a8f715608fefd6827ddaee03bbc5accbf0e21013fb71d91bfd3ddfbdea08c41d40ab377dc9c56c6c2e272e2468cb7971831bff00ac2d56010f5a09c6e8bcebb3b1670caccdf4882c154b7c0559aca3323e004742791ab5fb38c2e2de5389c6008e6365589142ac6a5909b8b93c6e554e649013cec2a4ddedfc6c261d218f0e8786e4b191bc458dc9202fb6bc874ab5fb21df36c71c447246a8e9c0e0a924156bad8df98235fc5e59cd163d645159145668a28a20a28a280a28a280a28a280a28a280a28a280a28a280a28a280a28a2838e2f10b1a3c8e6ca8acec7a050493f215e7edfbdec5c54cceade1b0082f9851c63973cefea6ac8edaf6cf71b38a29b3621845fbb9b49ec55787f7abce721a92763d03b4efb5762a3c403cc515d40b7f8d164cb7245ae43ae7c9aa82c44cc6e1af706c41cac46a08e441caa73d8fef5fd1b11f4694fd4e20d85f4590e4a7d1c594f9f079d28eda37644338c544a7826ff00172f08933b35ff001006fe62ff00685f42b335b035822b14474bd7390d62f586341adab651590b5b90051563ee69fa46c4c761c8b98964651e804e9feb56aac43d4ebb2adb10c12621711288e39630b76bdafe2e634c8b7ae439d42022fb798b1f717a00355a9d8bc0f87da712c961f49c134a9637bab32b2dfa1faa636e84555a00e9565763d8c0d8fc2232b3489df2abdf2584c6ecc96f290861d389fcaa51e86acd140a2b345145105145140514514051451405145140514514051451405145140514531efb6dafa1e0a79fed2ad93f6dc848fdb8987b5e828eed9b78be938e31a1bc58706216ceef7fad3f3017f70d57c452895ef7b9b939927537d493d6b81ab26235232b55edb85b7e3dab837c2e2fc72a2f0c80deee9a2c80fdebdae468c01e62a8ae1a72ddfdb3260f1116222cd90e6b7b07539329f51cf91b1e5452adf1dd9930188313dca1bb4527de5f3fc42e011e87422a3ec2bd2bb5b6761f6be054a9bac8a1e292d7646cc5edd41bab2f930f31e77da9b2a582678255b4886cdcc679820f3522c41a0435b04be9fedf3a571e140d73ae8c940dae2d4115bb8cc9abef753b37d9eb868a4963188791158c8ec787c4013c097b01cbaf9d0508eb6b0ceff68116b74f5cb3e5cb5ad457a2717d99ecb941021e03f7a277523d812a7dc1a87ed2ec8e1248c2e3731aacaa1edead1db847aa9a0aa105c803f3f2ababff00e7ad9ea7e973b282ea52256e601059c0f5f07c8546e0ec7b1d7ff130b6fbc2494dfd3eabf5b54a76be25f77f09854c2d9da4999a7774251cf0f885c7c1a28500dec09f158d2c171514c5b9dbcd1ed0c3acd18e137e17426e51858917e62c4107982321a53ed40514514051451405145140514514051451405145140514514051451405571dba248db3d4c79a2cca65f4b328bf97195fcaac663614c98e65b38954342e0894366a05ac4b03f60ae47a581d3888668f2830ac0a9e7689d9f3e059a684193084dc36ad15fecc9e5d1fd8e76bc049aa8daf589065581416a0b0bb25def681c60dcfd54ae381effe1b35811639598816e8d9d8826ac4ed0f73d715870615b4f15cc7d5c1cdd189d4b1cc13f6b53e23543e1e3e15f33ad5fbd9bef3fd330dc321bcf15964d2ec0fc3265f7ac6e7ef03d454550a47b72b11622dd41d0f956ad56876afb9e54b636053627ebd4676ff00e503a681adcecdcd8d560450229a3ccf9d75c16d19a1bf7334b10399eee47404f9853627ceb792933462a8ef8cda53cab69679a45e8f2bb8f93122a57b99d9ae3b151a622174810e71bb332b9b1f89420b81ad8dc751d6a1798a9e6e8f69f3e0a110344b346bf078bbb751d2fc2411d34b505abb37646d1c3c07bc922c4c8ba0526267f2259786fe67dcd45379f7827c5ab6cffa1cc93cc2ca922585d4821c30250a29009606b8e1fb670ce036148075224527e5c23f5a9e6177aa36b0b906d7b1c8f9ff0062f4e876dc6ddc8f6740b0ab713b10d2c9a7139b0c872519003f99352caa1fb57daf881361e48a60600e8c912df8bbd43c438c0cdc5c02bd33caf99bc7052b322975e172aa5975b12331ec72a51de8a28a80a28a280a28a280a28a280a28a280a28a280a28a280a28a28231bfdb45f0d0c33a825239d0ca07f9643a37e6c2de76a5b04eaeaae8c195806561a1073041f4a5fb4b091cf1490ca0323a95753d0fe9eb550eccdb726c7c49c1e2c97c3b31314a33b03725c01f67ef26aa6e45efe271a2c8086316550d111668ad7b03af00d0adb2eefa7c3f74d4fbfdd98001b15b3471c4471361d7c4cbadcc3f797f06a33b5f2516f4332ba8652195802aca41041d0823220f5ae6616562f164c4dd97456f3fc2df8b9e86f911bc1e52b56604bb7e7f2abc37f7b3d4c6f162306a23c50ff00122365590eb9f2493cf46e673e2aa67e8ed1bba48ac8ea7859581560466410731ad646f7a74ddadb6f83c424f1e7c3932fdf43f129f9020f260a79535564541ea1c062e3c44292467892450ca6da861cc1f911c8dc72aa4bb45dcb382732c209c339f53133688c75e03f658fa1cedc4e7d90ef4f7527d0e53f5729bc47eec8755f47d47e2fdbab871587591191d432b02a55806521b5041d41e94579524ae22324d8024936000b924e4001d4d5a3bd3d944aae5b0243c67fe548fc2ebe4b23785d7f688616fb5ad386e0f66724532e231852e9668e253c766e4d235b8495d4052c2f637cb322b2de6ddb9b0522c5385bb2f12943c4a7930bd87895b23edd45325aaefedd7040e1f0f201f04bc37b5cd9d1b2bf4bc62a9475e7fdf97f4aa2e5ecab73f00d854c56215679589c9f38d2c6c1421f0b30b664839e9539dab8bd9f1d8ceb855b10419042b63c882f6fcabccf063a44bf77249193af03ba5fd7848a70dd8d832e3f12b0c24077bb348c49e155b7133733a816e6481e7435e8ed89bc786c433a611d242962fddd980e2bdaec83873e13cf9520db3bff0085c24ddce22431c96536eee46166b819aa91ca9cf606c48366e104310c947133580691ceac6dcce400e42c0682a2fb7fb395da2ed3cf277329238782cf64500286e2033233206849b13a909fecac7a4f0a4d190c8ea1948d2c695d44b71b778ece89e1fa434c85b894140bc24fc56b31d7224697b9e66a580d419a28a280a28a280a28a280a28a281b76f6da8f0b1879031b9e150a2e4b10481d0640ebd2a118fed25c03c10a2e47e262c7f2b52aed476f2220c38b17b8727ee8b1b7b9bfcbd6aa397117bd4f55b4bbd58b61e2c6623da6917e614814923de1c4a3712e27100f51349ff758fbd46d9cd28d9f86926711c2af24874445676f5b2e83cf4ad32986037f71d1387fa448faf86462ea6e08f849b5c5efea295e3f78b19890586d0c4283c90c7181cedf56a08fe958d8dd926d09ac65eef0ebd646e37f5091dc1f7615223d9de070038b19b4994b0d3eae304fe142198fb52e084e1f65a5cb4b24921399e26b03ebc2013ee6971c2c6e8638e2163fe5463881e47c23f5a937fc4fb0a053ddc4d3bdf9a39bf98335957da98369f69526987c2c71af2e36e23fc2800fcea293eefef3e23653949034987637287c36bea62be4afccae8c7a5f885cdb176cc38a884903875d0db5536b9575d55b3191f5d2bcddb5b7871535f8d9003a854007e7735aeef6f0cf8598490c9c0da1e6ae3eec8bf6975f317b820e75a947a7278afe2078580c9ad7f622e3897cae3c88a62de5ddcc3ed15e0c42f758803eae65b16cba136ef13aa1b117bf86e0d70dccdf48b1ea540eee7400bc47316caed1b7da5b900e84122e3304c9278038b1171afb8d08233047223315479df7a775f1180938275f0b13c12adcc6fe87935b55398f319d32a9af4b62e3568da1c52096061625b90fc7d2dc9d74e76b5cd3dbfdd9ec983e29e0bcb85d49d5e2f292daae9e3f9db539b04315b98241d4106c41198208d08eb5e80ece37b063b0f6908efe3b2c832f15fe19001c9ad9f46bf222fe7957a76ddfdb52612749e1f89722a4901d4fc48d6e46daf2201e5507a7ed59a6addbde087190acd0b6472653932373571c987c88cc5c1a72c44ea8accccaaaa09662405006a58936005155c76e9890b848539bce32cb4449093f375f9d5246dcea57da3ef47d3b15c484f73182915f2be7777b1d388e83900ba6951126aa32d174cff23f3e7ef4f1b9dbd326cf99a58d55f8978195aea6d70751a66299d5eb6988cafa9d474f33e74125de3df9c763ca2b3041c6a52386e0970477772492c435ac3217b1b5ed6bdb1c658765cb2e29809d30d23b98cb228708c6cbc26f91b0bf517aa37b33c561a1c72cd8c202c6acc97f844990526da9038ade763a8152cdeaed562c539c28491704f78e6996c26656b86eed181b2fa8e222f600da820b86de3dab0451c8713880b278919dfbd0d602f949c5cac6debe75e89dc3dbe98dc1c52ab5d80e19073571a823dc1079820f3a8aedfdcec3e336741061a60ab17034129025040520062b6b8607336f634d3d986eced4c0e20b3c6ab03f865569573b1215e302e78867adae0e79dad28b868ac29bd6680a28a280a28a280a6bde4db298481a57e592afde63a0fe67c81a743544f68fbd3f4ac4148cde18aeabd18fda6f73a790152fe08f6d5da2f348cee6ecc4927d691470bc8eb1c6aceec6c1541663e805386efec49719288a2199cd98fc2a39b37f4d4e956b1fa16c3c3dcf8e7707a19652390e4a83d80f33adea087eee76346ddeed19b81466628c8bdbf1ca7203a851fbd4f18aed0364ecb8cc3b3e2595ba436084f579cdf8cf98e33558ef9ef6e2b1b2bf7d2111f1786053645034b8b0e23e679f419545cb5544db783b54da189b857fa3a1bf861bab5bce43e2bf9af0fa542d9d998b3312c732c49249ea49cc9f5adcc275fd6b68f5a6012e3ad655a976cfc0c933ac70a1776365551727fdb5cce43535696ecf63bc403e32537d7bb888e1f4321176fdd0074635453ef7d7ff0014e7b3b73f1b89178709311c98af76a7f65a42a1bdaf5e88c3eedeccd9b199bba8620833964f1b8bf477bb5c9e40f90a80ef576b12392b82faa4ff003085691bd035d507a82d9fd935150bd9db276a6cb944c2070c0367c0d2a907557e11f09cb98396556a6eaefdc18b2233f5588e70b1d799eedb2e31ae5936b95b3aa7b1dbcb8a9092f3ca4df9c8f6e5caf6a66c6c8589627c40821b9df967ad251ea406f49d418be01c49a18f5b0fc03a7e0e9a696351ee3f69cc84438f62cb905c46acbd04a066c3f18cfaf16a2e0c36215d43290cac010ca41520e84119107ad6855bbffd9a8e138bd9ab75d5f0ca331d4c235b659c7a8cedf76aad864bd7a9781918bc7a9f892e006f317c8379e8743c88816fff0067898c0d8cc000b3e66486dc22423e2b036e0975b836b9d6c73a960a9f67ed19607ef2095e27d0b231524746b7c43c8dc575dabbc18ac4803118896551a2b37872cc1e016527cc8bd20b117041041208208208c8820e608395ab9c9974f98ac8d1cd7226b6661d7e5fef6ad6fd32fd6a8ea0dbd7e76f5f3f2a0c395ef735ac6bf3add1f3aa8e233f5fd6826b7912e6b426df17cffad07a4bb2fc04186d9b032db89d049235efe26cd802745072b0e84eb734d7bcbdade0e07e08d9b10dcfb9e16407a172c013fb3c55477fea53347dc99a431e9c01db82dd0adec47953f6e860b0c3111c93277811837031f09b1cae39fa1cbad4f15e90d818aef70d0cb62bdea2c9c2751c6035bdaf4e149b67e352640f19ba9fcbc88e44529a80a28a280a28a28219da9eddfa360caa1b4939eed7a85d5cfcb2fde154661a16919510166621540d496c801ef52aed976a9931dc19f0c4814647539b1fd07b574ec5f0892e31e5723ea50155391e29388710eb65561fbc0f2abc26f6275c50ec3c0711b34cfec64908c80e61145fd05cea4d531b536ac93caf34ac5a47d4fdd1f655472b721cbd69efb4fdbc7138e905ef1c24c482f95d4f8cfa97cbd16a232cb6536ccd8dbd799f99a93bec20c4bdc93e679d718cd0e68885547676bd2ac161cb901412490aa058966240000ea6f6f9525e1d2acaec836406c4be21d6e9854e3f591eea80752007f7e1ad4163ee16e82e0d384f099880710e3913665850fdc008274be5958d84c7158858d19e460a88a5998e400517249e800ad3050f02804dd8dcb1eacc6ec7e674e42c2ab9edab6f70c51e0d0f8a5fac9073e053e107c99c1fe022b16aabedfcdee971d316048810da28c8cba7137e361f2190e64c38ca4906c4920e5e96fd33adb19606ea34e995fafbd711967975bf911fd6a8d825ed73a9d0643faf2ae6f18fcfcf9561e439db2b643df5ae52139e7cc0141aaaf9f53f2a966e46fbcd8065437970e4dda2be6a4dcb3444fc27525746f22788440b1d3cf87db9d6cac723d49fd08fe541ea7d8bb5e2c4c4b2c0e248db4235079861aab0e60e74b58306e38fe2d0af261fc9ba1f639588f326ef6f14d80956481ad7b078cdca38e8e2ff0022331c8f5b6f753b53867711621061cb1b2bf1f14649d03120142791371d48ad685bbf5b8116d10f3e1888b1632707257207c328fb2f6b59b98b6a083543ed1d9f2412345346d1c8a6cc8c2c4743d083c88b83cabd592e1ae430251c64186790fb2c3ed2eb96a2e6c41a66de5ddfc36d24ee7149ddcea0949148e30342d1b7fcc8ee45d48cae2e14d8d4c1e644ae81be54fbbdfb9989d9d270ccbc5193e0992e636ffb5adf64f9dae33a8fd447488e7e55bbb655c92f7a50a80664ff003b66073fef3aa38a46dcaffd7d06a694c582671f773199e7d79eb7b6bd7cab3df8fb397f7cc9ccd2985ef61e9f9675158fa22ae43336d7d3f4ada190a9a5ab069617eb7f7f9e7e9d692cd15bdbe79ffe6de9488b0f70f7c8c0c031ba12030eb7b0b8fc5a7ae9574e1314922078d832b6847f7af95794a098a9caac2dc8df6780f09f121238949fcc743fad4c55e34537ec9db30e2178a2707aae8c3d47f3d29c280a28a283cffdabe10a6364bfdaf10f439ff3a83acad18e3425595832904822c2e2c791cabd05da2ee51c70592370b246a40522e1f981c57f09d7aeb54fe1f73e6964680322c841b2c9c49764d56e01b1b5ce9a03538dc2983bcef1e493efc8effc459bf9d70c5a594dfc87e87f9d3e62777a4c21eea6b710d6d98f15c64798cd73f23d0d376d04f01eb91fd14fe63f3aa189ab68daba4bd6dfa567832d3f2ad23316a3d6afcec9f021367424837c4e21a53e9113c1ec7b85fe2f3aa10115e92dc0b0c0ece03ff6a0fb9115ff00326ac9d097835e6ced1769ae2768625f2215cc29d408bc191e9c41dbdebd1ad25b33a0cfe55e4e9a4ef3c6c05dbc44f9b6673f7acdf55c2c41e640f98feb5cf2e216cc58dbd8e9590545f33ae80df4a02d81b5f3cec751f2a0d387adb5b9ae6cc399e77d2b7287d3d6b4e11973bf3341c947a9d7c867eb5bb0c85bcbf3ae64e9ef5d1549503a50619aec33b7af2e5fad768df911a7bdbc8f979d27e03c47d32bf3f2a52ba78b96874614160ee3f68d2e178229f8a6c35ac39cb18cadc049f128fb8741a100006e6c262a0c5c2b244e1e339aba9b156196475471a1073e445529b93ba0b22f798a042b2d912fc2d985f11e872cbf314aa6d8f8cd98e7118298b477f128526e3977d1fc2545adc43317cb869a2dfc5caa2368b1aa9240de132328eec83a099748cfe2f849b7c2485aabf7d7b2065e29b671e35d4e1d8f8c73fab727c43f09cfcce952ddcbed0e1c73772cbdd622c7c04f123d85dbbb6e7966548bdafad89a922e09a2b1c395039c4d711fee117317a00575f0dcdeae0f2bba32315605594d8ab02083cc107307cab3ded7a4378777b05b48f062633162786eac38526b0e608baca82ff880bf235536f5f6578cc2dde21f498733c5183c607e28b5f75e2f6a1883ac9d00f956e656f21e800fd2b88c8fe55bde8851163645d18fa1cc52b8f1eaf60fe120fb1ff6f234d7c645658dea0789a3d2dfdfad10cc54e7fdf5a6b86765d0e5d0d2938d53f10b7e74131d8db6d9594abba11986520104db31d7d0dc1e608ab5772f7dfe90e30f880166b131b8c9260bf1587d9906a52e6e33195c0f3f43890346a728b6c150b6621d183ab03982398f3a62ebd49c558a65dd2db3f4cc2453e5c4c2ce0681d726b795c5c79114540f6f51bde2ddc4c4d9c1eee65b15906b969c56d7d751f954948ae0eb6a0af76f6ceefd0458c5114e328e7ff9527913a027ee9eb96bc355a6dcd8d242c52642a4dec73218640d9b983966398bf503d018c907090c0107507307d41a816dd7b5d635531ff96e38e3f656f87f76d51546cb191707222b313f965e7fed527dbf805372b0946e5c2e590f5bab82de9e2a8c3c641cd48f6fe95a959c1965ad5ffd9863164d9f8223ec2cb8723cd0f10ff4460fbd79fd85eac7ec5f6d0569b0ad912462221ccb20e195479b456cba2b56f88bab139a30eaac3e60d794f813811bc3a0e9e5f9d7ab15c6446635af35ef2e0061f1134256c639194594fc37bc7636b66856b3cbd5322b1ced9667d73cc0b72ae699122fa0fcce67f4aeba1b9d5b21e47ff16ac14e7e9fd3f435027fbb7f31fad683f434a4c633b0d331fdfb56acb7bdb3cbfad02565b57443afaff4a5586d9ed235945c91af4a96ecadd80b9b8b9fefe54116c1ecd96536453aea7216f3a97ec3dda488877fac71983f6473c8733e67f2a90e176664001614eb06c83d2a04904e453861f1a45745d927a51f4023950356d9d891e2196546304e96292a7220922ea08be64e6083ea32a75d9fbed340ddded089996e40c5c2859180bf8a5896e6336009b5f9e5617ac8c3915868cdac74d0ff00bd59704c11e0c5c40831cd1137560432dc685587c2c0f31620f4ad42cf0ff847be8ffcb76b4a2df7253949cbc3258eb77e555da6cb6c3b3cb816ee256b5d7589adc9a33719e97b659dad7bd2a1da54d05971783f17de8decadd480c0ff00d46aeca245b73773676d26659a3eeb156049004588039123491797178975b1aabb79fb25c661aef87b62a2173e016940f38afe2fdd249e95364ed2f67cf64c4c32a004105d164553d54c6c5d4fe2500d4a765e2b8d78f05894c445f71df888d0584eb761a1ca45637fb42983cc6d912ac2cc0d8a904107a107306b3c22bd25b7f676071964c7e1fbb90d82bbda37cf4098843c2da7c1c44f55a816ddec59c12d81c42b8ff2e7f03fb48a2c7dd57d6898aab4ad01075ca9f36b6e863f0ffe361265f355ef57f8a2e25fce9818004862011a8391f7073a83a8515b26b5c04c2ff10f98a79d91bb98ac5301040ef7fb401096f390d947b9aba2caecc369bc78470ac40ef98ffa231fca8a97ee46ec2e070c2294abc8cc64723e104855e15be6400a33cae6e72a2b872fe5cedd8ba9dd608bd668aea1162707714c78cd841aa53582a282bbc6eec0cf2bd46f686eea8fb1f955c4f85534966d92ad45507b43647403e54c1f42961916588947460caeba823307fdb9d7a1f15ba88dd299f13b841b4b52741ab753b438644098ab41201637b888f9a37d91f85b4d012291f689b0d716a317832b310bc32ac4c1cb2adf85d7849bb2e846a45beeda974dd9bb1e86932f66ac0f10162342323ec6b56e8a76588e771ae406bebef5a77191209b6796ba7b7955cd8becfa47cdc173d4925bf8b5a4907658e4e7f56be4789bdaf5945590e078980ccdc7f790f5a96eefee1cd370b483ba4b67c40873a68a74f536f7ab4f626e44587b158c161f6deccded9587b548a2d9d6d6820fb3b73a38942c6bee7327d4d3a41bb43a54b930a057658e823906c303952d8f6681ca9e386b36a06b1811d286d9c0f2a74b516a06393640a4536c9f2a94dab528282113ecc23953662b0170432820ea08041f506ac5930a0f2a4736cb5345539b5374236ce3ba1e9aafc8e63dbe551e6d9188c33f79197461a491b329f9ad8dbc8e557acfb0ef4d989ddd3d28881ec7ed2b1518e0c4a2e21342728dedcef61c0de8545fad4a365ef5ecf92ddd4ef836b0fab6b4683cb85c3423f7083e749b686e9f15ee97f6cfe62a3f8bdca6fb28dfad6be462d083113d8346f04e0f305e21fc4bde83f95749717211e3838fd1a261ff00e8cbfa5535ff00076250de35707aa8653f315de3d93b5d7fc37c57ff0064b6f9134f94316da48c2c530e8a7ccc6a47f0717e55c7686d031af14f34502f912ec4f44670013e5c0d7aaef07bb7b6e7204934b1af569997f25373534ddbece6281c4b3b99e6fbcd73f99b93ef49cb8fd090ecb838a30c030e2f178be237d0b5f3bdad97216195ad453b016a2b2334514501451450145145014514501451450145145014514501451450145145014514501451450158359a2835ac1a28a0e66b75ac51515b8acd1455402b3451405145141fffd9, '');

-- --------------------------------------------------------

--
-- Table structure for table `system_user`
--

CREATE TABLE IF NOT EXISTS `system_user` (
  `userid` varchar(100) NOT NULL,
  `password` varchar(45) DEFAULT NULL,
  `usertype` varchar(45) DEFAULT NULL
) ENGINE=InnoDB DEFAULT CHARSET=latin1;

--
-- Dumping data for table `system_user`
--

INSERT INTO `system_user` (`userid`, `password`, `usertype`) VALUES
('', '', 'customer'),
('abcd', 'zxcvbn', 'customer'),
('admin', 'admin', 'admin'),
('amit', '123456', 'customer'),
('jay', '123', 'customer'),
('jay1', '123', 'customer'),
('jayprakash', '123456', 'customer'),
('nishi01', '123', 'customer'),
('rekha01', '123', 'customer'),
('umesh90', '12345', 'customer'),
('vaishali', '1234', 'customer');

-- --------------------------------------------------------

--
-- Table structure for table `tb_order`
--

CREATE TABLE IF NOT EXISTS `tb_order` (
`payid` bigint(20) NOT NULL,
  `userid` varchar(200) DEFAULT NULL,
  `orderid` varchar(200) DEFAULT NULL
) ENGINE=InnoDB AUTO_INCREMENT=10 DEFAULT CHARSET=latin1;

--
-- Dumping data for table `tb_order`
--

INSERT INTO `tb_order` (`payid`, `userid`, `orderid`) VALUES
(1, 'jay1', '20150611025604'),
(2, 'jay1', '20150611025604'),
(3, 'jay1', '20150611045854'),
(4, 'jay1', '20150612081933'),
(5, 'jay1', '20150612040123'),
(6, 'vaishali', '20150613104424'),
(7, 'jay', '20160310042009'),
(8, 'jay', '20160310081501'),
(9, 'nishi01', '20160315015621');

-- --------------------------------------------------------

--
-- Table structure for table `temp_order`
--

CREATE TABLE IF NOT EXISTS `temp_order` (
`tempid` bigint(20) NOT NULL,
  `orderid` varchar(100) DEFAULT NULL,
  `pid` varchar(100) DEFAULT NULL
) ENGINE=InnoDB AUTO_INCREMENT=25 DEFAULT CHARSET=latin1;

--
-- Dumping data for table `temp_order`
--

INSERT INTO `temp_order` (`tempid`, `orderid`, `pid`) VALUES
(1, '20150611025604', 'Dellx'),
(2, '20150611025604', 'delly'),
(3, '20150611025604', 'dell1'),
(4, '20150611025604', 'delly'),
(5, '20150611045854', 'Dellx'),
(6, '20150611045854', 'dell1'),
(7, '20150612081933', 'dell1'),
(8, '20150612081933', 'Dellx'),
(9, '20150612040123', 'dell1'),
(10, '20150612040123', 'Dellx'),
(11, '20150612040123', 'Dellx'),
(12, '20150613025351', 'Dellx'),
(13, '20150613025351', 'delly'),
(14, '20150613025351', 'dell1'),
(15, '20150613025351', 'K1'),
(16, '20150613025351', 'K1'),
(17, '20150613104424', 'shirt42'),
(18, '20150613104424', 'K1'),
(19, '20160310042009', 'shirt42'),
(20, '20160310042009', 'shirt42R'),
(21, '20160310081501', 'shoes'),
(22, '20160315015621', 'shirt42R'),
(23, '20160315015621', 'shirt42'),
(24, '20160315015621', 'shoes');

-- --------------------------------------------------------

--
-- Table structure for table `user_profile`
--

CREATE TABLE IF NOT EXISTS `user_profile` (
  `userid` varchar(100) NOT NULL,
  `FirstName` varchar(45) DEFAULT NULL,
  `LastName` varchar(45) DEFAULT NULL,
  `Address1` varchar(100) DEFAULT NULL,
  `Address2` varchar(100) DEFAULT NULL,
  `City` varchar(45) DEFAULT NULL,
  `State` varchar(45) DEFAULT NULL,
  `Pin` varchar(45) DEFAULT NULL,
  `Country` varchar(45) DEFAULT NULL,
  `mobile` bigint(20) DEFAULT NULL,
  `email` varchar(100) DEFAULT NULL
) ENGINE=InnoDB DEFAULT CHARSET=latin1;

--
-- Dumping data for table `user_profile`
--

INSERT INTO `user_profile` (`userid`, `FirstName`, `LastName`, `Address1`, `Address2`, `City`, `State`, `Pin`, `Country`, `mobile`, `email`) VALUES
('', '', '', '', '', '', '', '', NULL, 0, ''),
('abcd', 'abcd', 'ddddddddd', 'gfdgdfg', 'dsfgsdg', 'gsdgsdg', 'fdgdsfg', '123456', 'dsgsdgs', 3456567678, 'asd@asd.com'),
('amit', 'amit', 'kumar', 'abs', 'college', 'Ghaziabad', 'Uttar Pradesh', '456765', 'India', 9999379407, 'info@appletreeinfotech.com'),
('jay', 'jayprakash', 'prakash', 'KC-114', 'Kavinagar', 'Ghaziabad', 'Delhi', '8970', NULL, 8510837704, 'info@javaproject.co.in'),
('jay1', 'jayprakash', 'prakash', 'KC-114', 'Kavinagar', 'Ghaziabad', 'Delhi', '8970', NULL, 8510837704, 'info@javaproject.co.in'),
('nishi01', 'Nishi', 'Pal', 'hdfdsjhfjds', 'wyueywuqyeuw', 'merruit', 'mp', '201001', NULL, 827654321, 'nishi@gmail.com'),
('umesh90', 'umesh', 'chandra10', 'aaaa', 'sssss', 'ghaziabad', 'up', '201001', NULL, 7503962162, 'umesh@gmail.com'),
('vaishali', 'vaishali', 'mittal', 'hapur', 'hapur', 'Hapur', 'U.P.', '43', NULL, 5656, 'vaishali@gmail.com');

--
-- Indexes for dumped tables
--

--
-- Indexes for table `category`
--
ALTER TABLE `category`
 ADD PRIMARY KEY (`catid`);

--
-- Indexes for table `product`
--
ALTER TABLE `product`
 ADD PRIMARY KEY (`pid`);

--
-- Indexes for table `system_user`
--
ALTER TABLE `system_user`
 ADD PRIMARY KEY (`userid`);

--
-- Indexes for table `tb_order`
--
ALTER TABLE `tb_order`
 ADD PRIMARY KEY (`payid`);

--
-- Indexes for table `temp_order`
--
ALTER TABLE `temp_order`
 ADD PRIMARY KEY (`tempid`);

--
-- Indexes for table `user_profile`
--
ALTER TABLE `user_profile`
 ADD PRIMARY KEY (`userid`);

--
-- AUTO_INCREMENT for dumped tables
--

--
-- AUTO_INCREMENT for table `tb_order`
--
ALTER TABLE `tb_order`
MODIFY `payid` bigint(20) NOT NULL AUTO_INCREMENT,AUTO_INCREMENT=10;
--
-- AUTO_INCREMENT for table `temp_order`
--
ALTER TABLE `temp_order`
MODIFY `tempid` bigint(20) NOT NULL AUTO_INCREMENT,AUTO_INCREMENT=25;
/*!40101 SET CHARACTER_SET_CLIENT=@OLD_CHARACTER_SET_CLIENT */;
/*!40101 SET CHARACTER_SET_RESULTS=@OLD_CHARACTER_SET_RESULTS */;
/*!40101 SET COLLATION_CONNECTION=@OLD_COLLATION_CONNECTION */;
